NewName,OLDSiteURL,CorrectedUrl,StorageQuota,SiteOwner,SiteTemplate
OSAM-1- Consultant Group Template,https://validanto365.sharepoint.com/sites/OSAM-1- Consultant Group Template,https://validanto365.sharepoint.com/sites/OSAM-consultantgrouptemplate,500,JHuson@Validant.com,STS#0
OSAM-12Sigma_Deliverables,https://validanto365.sharepoint.com/sites/OSAM-12Sigma_Deliverables,https://validanto365.sharepoint.com/sites/OSAM-12sigma_deliverables,500,JHuson@Validant.com,STS#0
OSAM-3MHE-1368-QMS-13485-QSR,https://validanto365.sharepoint.com/sites/OSAM-3MHE-1368-QMS-13485-QSR,https://validanto365.sharepoint.com/sites/OSAM-3mhe-1368-qms-13485-qsr,500,JHuson@Validant.com,STS#0
OSAM-ABBO-1228-SOFTWARE_CON,https://validanto365.sharepoint.com/sites/OSAM-ABBO-1228-SOFTWARE_CON,https://validanto365.sharepoint.com/sites/OSAM-abbo-1228-software_con,500,JHuson@Validant.com,STS#0
OSAM-Abbott Diabetes Care,https://validanto365.sharepoint.com/sites/OSAM-Abbott Diabetes Care,https://validanto365.sharepoint.com/sites/OSAM-abbottdiabetescare,500,JHuson@Validant.com,STS#0
OSAM-ABCA-1207-BASE-IVDR,https://validanto365.sharepoint.com/sites/OSAM-ABCA-1207-BASE-IVDR,https://validanto365.sharepoint.com/sites/OSAM-abca-1207-base-ivdr,500,JHuson@Validant.com,STS#0
OSAM-ABIO-1427-AXSESS-MDR,https://validanto365.sharepoint.com/sites/OSAM-ABIO-1427-AXSESS-MDR,https://validanto365.sharepoint.com/sites/OSAM-abio-1427-axsess-mdr,500,JHuson@Validant.com,STS#0
OSAM-ABRE-1287-EUA,https://validanto365.sharepoint.com/sites/OSAM-ABRE-1287-EUA,https://validanto365.sharepoint.com/sites/OSAM-abre-1287-eua,500,JHuson@Validant.com,STS#0
OSAM-Accelerate Legal Request,https://validanto365.sharepoint.com/sites/OSAM-Accelerate Legal Request,https://validanto365.sharepoint.com/sites/OSAM-AccelerateLegalRequest,500,JHuson@Validant.com,STS#0
OSAM-ADBI-1070-QMS-QSR,https://validanto365.sharepoint.com/sites/OSAM-ADBI-1070-QMS-QSR,https://validanto365.sharepoint.com/sites/OSAM-adbi-1070-qms-qsr,500,JHuson@Validant.com,STS#0
OSAM-ADVA-0724-AXSESS-MDR,https://validanto365.sharepoint.com/sites/OSAM-ADVA-0724-AXSESS-MDR,https://validanto365.sharepoint.com/sites/OSAM-adva-0724-axsess-mdr,500,JHuson@Validant.com,STS#0
OSAM-ADVA-1350-INTERNAL - MDR + MDSAP,https://validanto365.sharepoint.com/sites/OSAM-ADVA-1350-INTERNAL - MDR + MDSAP,https://validanto365.sharepoint.com/sites/OSAM-adva-1350-internal-mdrmdsap,500,JHuson@Validant.com,STS#0
OSAM-ADVA-1382-EU-MDR-TRANSITION,https://validanto365.sharepoint.com/sites/OSAM-ADVA-1382-EU-MDR-TRANSITION,https://validanto365.sharepoint.com/sites/OSAM-adva-1382-eu-mdr-transition,500,JHuson@Validant.com,STS#0
OSAM-ADVA-1452-INTERNAL - MDR + MDSAP,https://validanto365.sharepoint.com/sites/OSAM-ADVA-1452-INTERNAL - MDR + MDSAP,https://validanto365.sharepoint.com/sites/OSAM-adva-1452-internal-mdrmdsap,500,JHuson@Validant.com,STS#0
OSAM-ADVA-1544-INTERNAL - MDR + MDSAP,https://validanto365.sharepoint.com/sites/OSAM-ADVA-1544-INTERNAL - MDR + MDSAP,https://validanto365.sharepoint.com/sites/OSAM-adva-1544-internal-mdrmdsap,500,JHuson@Validant.com,STS#0
OSAM-AMAZ-1074-NPSW-VALIDATION,https://validanto365.sharepoint.com/sites/OSAM-AMAZ-1074-NPSW-VALIDATION,https://validanto365.sharepoint.com/sites/OSAM-amaz-1074-npsw-validation,500,JHuson@Validant.com,STS#0
OSAM-AMER-0802-QMS-QSR,https://validanto365.sharepoint.com/sites/OSAM-AMER-0802-QMS-QSR,https://validanto365.sharepoint.com/sites/OSAM-amer-0802-qms-qsr,500,JHuson@Validant.com,STS#0
OSAM-AMER-1468-STAFFAUG-RA-QA,https://validanto365.sharepoint.com/sites/OSAM-AMER-1468-STAFFAUG-RA-QA,https://validanto365.sharepoint.com/sites/OSAM-amer-1468-staffaug-ra-qa,500,JHuson@Validant.com,STS#0
OSAM-Amy's Tasks,https://validanto365.sharepoint.com/sites/OSAM-Amy's Tasks,https://validanto365.sharepoint.com/sites/OSAM-AmysTasks,500,JHuson@Validant.com,STS#0
OSAM-Amy's Test Kitchen,https://validanto365.sharepoint.com/sites/OSAM-Amy's Test Kitchen,https://validanto365.sharepoint.com/sites/OSAM-AmysTestKitchen,500,JHuson@Validant.com,STS#0
OSAM-ANGE-1071-EU-MDR-TRANSITION,https://validanto365.sharepoint.com/sites/OSAM-ANGE-1071-EU-MDR-TRANSITION,https://validanto365.sharepoint.com/sites/OSAM-ange-1071-eu-mdr-transition,500,JHuson@Validant.com,STS#0
OSAM-ANGE-1201-QMS-13485-QSR,https://validanto365.sharepoint.com/sites/OSAM-ANGE-1201-QMS-13485-QSR,https://validanto365.sharepoint.com/sites/OSAM-ange-1201-qms-13485-qsr,500,JHuson@Validant.com,STS#0
OSAM-ANGE-1281-DOC-REM,https://validanto365.sharepoint.com/sites/OSAM-ANGE-1281-DOC-REM,https://validanto365.sharepoint.com/sites/OSAM-ange-1281-doc-rem,500,JHuson@Validant.com,STS#0
OSAM-ANGE-1370-DOC-REM,https://validanto365.sharepoint.com/sites/OSAM-ANGE-1370-DOC-REM,https://validanto365.sharepoint.com/sites/OSAM-ange-1370-doc-rem,500,JHuson@Validant.com,STS#0
OSAM-Apps,https://validanto365.sharepoint.com/sites/OSAM-Apps,https://validanto365.sharepoint.com/sites/OSAM-appcatalog,500,JHuson@Validant.com,STS#0
OSAM-BALC-1321-AUDIT-13485,https://validanto365.sharepoint.com/sites/OSAM-BALC-1321-AUDIT-13485,https://validanto365.sharepoint.com/sites/OSAM-balc-1321-audit-13485,500,JHuson@Validant.com,STS#0
OSAM-BAYE-0653-MOCK-MDSAP,https://validanto365.sharepoint.com/sites/OSAM-BAYE-0653-MOCK-MDSAP,https://validanto365.sharepoint.com/sites/OSAM-baye-0653-mock-mdsap,500,JHuson@Validant.com,STS#0
OSAM-BAYE-0937-AUDIT-MDSAP-EUMDR,https://validanto365.sharepoint.com/sites/OSAM-BAYE-0937-AUDIT-MDSAP-EUMDR,https://validanto365.sharepoint.com/sites/OSAM-baye-0937-audit-mdsap,500,JHuson@Validant.com,STS#0
OSAM-BAYE-1155-INTERNAL-MDR,https://validanto365.sharepoint.com/sites/OSAM-BAYE-1155-INTERNAL-MDR,https://validanto365.sharepoint.com/sites/OSAM-baye-1155-internal-mdr,500,JHuson@Validant.com,STS#0
OSAM-BAYE-1518-INT- HYB,https://validanto365.sharepoint.com/sites/OSAM-BAYE-1518-INT- HYB,https://validanto365.sharepoint.com/sites/OSAM-baye-1518-int-hyb,500,JHuson@Validant.com,STS#0
OSAM-BAYE-1549-INT- HYB,https://validanto365.sharepoint.com/sites/OSAM-BAYE-1549-INT- HYB,https://validanto365.sharepoint.com/sites/OSAM-baye-1549-int-hyb,500,JHuson@Validant.com,STS#0
OSAM-BAYE-1553-INTERNAL-62304,https://validanto365.sharepoint.com/sites/OSAM-BAYE-1553-INTERNAL-62304,https://validanto365.sharepoint.com/sites/OSAM-baye-1553-internal-62304,500,JHuson@Validant.com,STS#0
OSAM-BAYE-CON-AXSESS-MDR-MARCH2019-0383,https://validanto365.sharepoint.com/sites/OSAM-BAYE-CON-AXSESS-MDR-MARCH2019-0383,https://validanto365.sharepoint.com/sites/OSAM-baye-con-axsess-mdr-march2019-0383,500,JHuson@Validant.com,STS#0
OSAM-BBBI-1259-EUA,https://validanto365.sharepoint.com/sites/OSAM-BBBI-1259-EUA,https://validanto365.sharepoint.com/sites/OSAM-bbbi-1259-eua,500,JHuson@Validant.com,STS#0
OSAM-BEMI-0545-510(K),https://validanto365.sharepoint.com/sites/OSAM-BEMI-0545-510(K),https://validanto365.sharepoint.com/sites/OSAM-bemi-0545-510k,500,JHuson@Validant.com,STS#0
OSAM-BIOH-0929-CEMARK,https://validanto365.sharepoint.com/sites/OSAM-BIOH-0929-CEMARK,https://validanto365.sharepoint.com/sites/OSAM-bioh-0929-cemark,500,JHuson@Validant.com,STS#0
OSAM-BIOH-1164-AXSESS-MDR,https://validanto365.sharepoint.com/sites/OSAM-BIOH-1164-AXSESS-MDR,https://validanto365.sharepoint.com/sites/OSAM-bioh-1164-axsess-mdr,500,JHuson@Validant.com,STS#0
OSAM-BIOL-1546-EU-MDR-TRANSITION,https://validanto365.sharepoint.com/sites/OSAM-BIOL-1546-EU-MDR-TRANSITION,https://validanto365.sharepoint.com/sites/OSAM-biol-1546-eu-mdr-transition,500,JHuson@Validant.com,STS#0
OSAM-BIOR-1215-AUDIT-MDSAP,https://validanto365.sharepoint.com/sites/OSAM-BIOR-1215-AUDIT-MDSAP,https://validanto365.sharepoint.com/sites/OSAM-bior-1215-audit-mdsap,500,JHuson@Validant.com,STS#0
OSAM-BIOS-1265-BASE-IVDR,https://validanto365.sharepoint.com/sites/OSAM-BIOS-1265-BASE-IVDR,https://validanto365.sharepoint.com/sites/OSAM-bios-1265-base-ivdr,500,JHuson@Validant.com,STS#0
OSAM-BMS Management,https://validanto365.sharepoint.com/sites/OSAM-BMS Management,https://validanto365.sharepoint.com/sites/OSAM-BMSManagement,500,JHuson@Validant.com,STS#0
OSAM-Bobby's Working Documents,https://validanto365.sharepoint.com/sites/OSAM-Bobby's Working Documents,https://validanto365.sharepoint.com/sites/OSAM-BobbysWorkingDocuments,500,JHuson@Validant.com,STS#0
OSAM-BOST-1424-STAFFAUG-RA-QA,https://validanto365.sharepoint.com/sites/OSAM-BOST-1424-STAFFAUG-RA-QA,https://validanto365.sharepoint.com/sites/OSAM-bost-1424-staffaug-ra-qa,500,JHuson@Validant.com,STS#0
OSAM-BOST-1602-SOFTWARE_CON,https://validanto365.sharepoint.com/sites/OSAM-BOST-1602-SOFTWARE_CON,https://validanto365.sharepoint.com/sites/OSAM-bost-1602-software_con,500,JHuson@Validant.com,STS#0
OSAM-BSCI Superheroes,https://validanto365.sharepoint.com/sites/OSAM-BSCI Superheroes,https://validanto365.sharepoint.com/sites/OSAM-BSCISuperheroes,500,JHuson@Validant.com,STS#0
OSAM-CAPA,https://validanto365.sharepoint.com/sites/OSAM-CAPA,https://validanto365.sharepoint.com/sites/OSAM-CAPA,500,JHuson@Validant.com,STS#0
OSAM-CAPT-1087-AUDIT-QSR,https://validanto365.sharepoint.com/sites/OSAM-CAPT-1087-AUDIT-QSR,https://validanto365.sharepoint.com/sites/OSAM-capt-1087-audit-qsr,500,JHuson@Validant.com,STS#0
OSAM-CAPT-1568-AUDIT-QSR,https://validanto365.sharepoint.com/sites/OSAM-CAPT-1568-AUDIT-QSR,https://validanto365.sharepoint.com/sites/OSAM-capt-1568-audit-qsr,500,JHuson@Validant.com,STS#0
OSAM-Catalog,https://validanto365.sharepoint.com/sites/OSAM-Catalog,https://validanto365.sharepoint.com/sites/OSAM-Catalog,500,JHuson@Validant.com,STS#0
OSAM-CERNER-CON-MOCK-MDSAP-JAN2018-0103,https://validanto365.sharepoint.com/sites/OSAM-CERNER-CON-MOCK-MDSAP-JAN2018-0103,https://validanto365.sharepoint.com/sites/OSAM-cerner-con-mock-mdsap-jan2018-0103,500,JHuson@Validant.com,STS#0
OSAM-Charter Medical EU MDR Project,https://validanto365.sharepoint.com/sites/OSAM-Charter Medical EU MDR Project,https://validanto365.sharepoint.com/sites/OSAM-CharterMedicalEUMDRProject,500,JHuson@Validant.com,STS#0
OSAM-Chemence Medical Scoping,https://validanto365.sharepoint.com/sites/OSAM-Chemence Medical Scoping,https://validanto365.sharepoint.com/sites/OSAM-chemencemedicalscoping,500,JHuson@Validant.com,STS#0
OSAM-CHUR-1019-CEMARK,https://validanto365.sharepoint.com/sites/OSAM-CHUR-1019-CEMARK,https://validanto365.sharepoint.com/sites/OSAM-chur-1019-cemark,500,JHuson@Validant.com,STS#0
OSAM-CHUR-1300-DOC-REM,https://validanto365.sharepoint.com/sites/OSAM-CHUR-1300-DOC-REM,https://validanto365.sharepoint.com/sites/OSAM-chur-1300-doc-rem,500,JHuson@Validant.com,STS#0
OSAM-CHUR-1357-DOC-REM,https://validanto365.sharepoint.com/sites/OSAM-CHUR-1357-DOC-REM,https://validanto365.sharepoint.com/sites/OSAM-chur-1357-doc-rem,500,JHuson@Validant.com,STS#0
OSAM-CHUR-1358-DOC-REM,https://validanto365.sharepoint.com/sites/OSAM-CHUR-1358-DOC-REM,https://validanto365.sharepoint.com/sites/OSAM-chur-1358-doc-rem,500,JHuson@Validant.com,STS#0
OSAM-CHUR-1530-QMS-HARMONIZATION,https://validanto365.sharepoint.com/sites/OSAM-CHUR-1530-QMS-HARMONIZATION,https://validanto365.sharepoint.com/sites/OSAM-chur-1530-qms-harmonization,500,JHuson@Validant.com,STS#0
OSAM-CHUR-1612-REGSTRAT-EU+US,https://validanto365.sharepoint.com/sites/OSAM-CHUR-1612-REGSTRAT-EU+US,https://validanto365.sharepoint.com/sites/OSAM-chur-1612-regstrat-euus,500,JHuson@Validant.com,STS#0
OSAM-COLL-1402-AUDIT-MDSAP,https://validanto365.sharepoint.com/sites/OSAM-COLL-1402-AUDIT-MDSAP,https://validanto365.sharepoint.com/sites/OSAM-coll-1402-audit-mdsap,500,JHuson@Validant.com,STS#0
OSAM-Communications Team Chat,https://validanto365.sharepoint.com/sites/OSAM-Communications Team Chat,https://validanto365.sharepoint.com/sites/OSAM-CommunicationsTeamChat,500,JHuson@Validant.com,STS#0
OSAM-CON-510(K)-OPTO-0047,https://validanto365.sharepoint.com/sites/OSAM-CON-510(K)-OPTO-0047,https://validanto365.sharepoint.com/sites/OSAM-con-510k-opto-0047,500,JHuson@Validant.com,STS#0
OSAM-CON-510(K)-SNOO-0022,https://validanto365.sharepoint.com/sites/OSAM-CON-510(K)-SNOO-0022,https://validanto365.sharepoint.com/sites/OSAM-con-510k-snoo-0022,500,JHuson@Validant.com,STS#0
OSAM-CON-ASSESS13458-SPAC-0007,https://validanto365.sharepoint.com/sites/OSAM-CON-ASSESS13458-SPAC-0007,https://validanto365.sharepoint.com/sites/OSAM-con-assess13458-spac-0007,500,JHuson@Validant.com,STS#0
OSAM-CON-AUDIT-13485/QSR-PHYS-0011,https://validanto365.sharepoint.com/sites/OSAM-CON-AUDIT-13485/QSR-PHYS-0011,https://validanto365.sharepoint.com/sites/OSAM-con-audit-13485qsr-phys-0011,500,JHuson@Validant.com,STS#0
OSAM-CON-AUDIT-QSR-PHYS-0048,https://validanto365.sharepoint.com/sites/OSAM-CON-AUDIT-QSR-PHYS-0048,https://validanto365.sharepoint.com/sites/OSAM-con-audit-qsr-phys-0048,500,JHuson@Validant.com,STS#0
OSAM-CON-BASELINE-13458/QSR-JENX-0043,https://validanto365.sharepoint.com/sites/OSAM-CON-BASELINE-13458/QSR-JENX-0043,https://validanto365.sharepoint.com/sites/OSAM-con-baseline-13458qsr-jenx-0043,500,JHuson@Validant.com,STS#0
OSAM-CON-DMAIC-OCTA-0031,https://validanto365.sharepoint.com/sites/OSAM-CON-DMAIC-OCTA-0031,https://validanto365.sharepoint.com/sites/OSAM-octaq02-2017dmaicconsulting,500,JHuson@Validant.com,STS#0
OSAM-CON-FDA483-ADBI-0015,https://validanto365.sharepoint.com/sites/OSAM-CON-FDA483-ADBI-0015,https://validanto365.sharepoint.com/sites/OSAM-adb,500,JHuson@Validant.com,STS#0
OSAM-CON-RA/QACONSULT-12SI-0013,https://validanto365.sharepoint.com/sites/OSAM-CON-RA/QACONSULT-12SI-0013,https://validanto365.sharepoint.com/sites/OSAM-con-raqaconsult-12si-0013,500,JHuson@Validant.com,STS#0
OSAM-CON-RA/QACONSULT-CIVC-0075,https://validanto365.sharepoint.com/sites/OSAM-CON-RA/QACONSULT-CIVC-0075,https://validanto365.sharepoint.com/sites/OSAM-con-raqaconsult-civc-0075,500,JHuson@Validant.com,STS#0
OSAM-CON-RA/QACONSULT-PHYS-0010,https://validanto365.sharepoint.com/sites/OSAM-CON-RA/QACONSULT-PHYS-0010,https://validanto365.sharepoint.com/sites/OSAM-con-raqaconsult-phys-0010,500,JHuson@Validant.com,STS#0
OSAM-CON-RA/QACONSULT-TISS-0005,https://validanto365.sharepoint.com/sites/OSAM-CON-RA/QACONSULT-TISS-0005,https://validanto365.sharepoint.com/sites/OSAM-con-raqaconsult-tiss-0005,500,JHuson@Validant.com,STS#0
OSAM-CON-STRAT-GLOBAL-ADBI-0029,https://validanto365.sharepoint.com/sites/OSAM-CON-STRAT-GLOBAL-ADBI-0029,https://validanto365.sharepoint.com/sites/OSAM-con-strat-global-adbi-0029,500,JHuson@Validant.com,STS#0
OSAM-Consulting Project Management,https://validanto365.sharepoint.com/sites/OSAM-Consulting Project Management,https://validanto365.sharepoint.com/sites/OSAM-ConsultingProjectManagement,500,JHuson@Validant.com,STS#0
OSAM-CON-SUPPLIERAUDIT-CORN-0083,https://validanto365.sharepoint.com/sites/OSAM-CON-SUPPLIERAUDIT-CORN-0083,https://validanto365.sharepoint.com/sites/OSAM-con-supplieraudit-corn-0083,500,JHuson@Validant.com,STS#0
OSAM-ConvaTec-Green Belt Projects-Deeside,https://validanto365.sharepoint.com/sites/OSAM-ConvaTec-Green Belt Projects-Deeside,https://validanto365.sharepoint.com/sites/OSAM-convatec-greenbeltprojects-deeside,500,JHuson@Validant.com,STS#0
OSAM-ConvaTec-Green Belt Projects-Haina,https://validanto365.sharepoint.com/sites/OSAM-ConvaTec-Green Belt Projects-Haina,https://validanto365.sharepoint.com/sites/OSAM-convatec-greenbeltprojects-haina,500,JHuson@Validant.com,STS#0
OSAM-ConvaTec-Green Belt Projects-North Carolina,https://validanto365.sharepoint.com/sites/OSAM-ConvaTec-Green Belt Projects-North Carolina,https://validanto365.sharepoint.com/sites/OSAM-convatec-greenbeltprojects-northcarolina,500,JHuson@Validant.com,STS#0
OSAM-COOK-0869-AXSESS-MDR,https://validanto365.sharepoint.com/sites/OSAM-COOK-0869-AXSESS-MDR,https://validanto365.sharepoint.com/sites/OSAM-cook-0869-axsess-mdr,500,JHuson@Validant.com,STS#0
OSAM-COOP-0591-EU-MDR-TRANSITION,https://validanto365.sharepoint.com/sites/OSAM-COOP-0591-EU-MDR-TRANSITION,https://validanto365.sharepoint.com/sites/OSAM-coop-0591-eu-mdr-transition,500,JHuson@Validant.com,STS#0
OSAM-COOP-0607-STAFFAUG-RA-QA,https://validanto365.sharepoint.com/sites/OSAM-COOP-0607-STAFFAUG-RA-QA,https://validanto365.sharepoint.com/sites/OSAM-coop-0607-staffaug-ra-qa,500,JHuson@Validant.com,STS#0
OSAM-COOP-0945-PRODUCT SUBMISSIONS: JPN,https://validanto365.sharepoint.com/sites/OSAM-COOP-0945-PRODUCT SUBMISSIONS: JPN,https://validanto365.sharepoint.com/sites/OSAM-coop-0945-productsubmissionsjpn,500,JHuson@Validant.com,STS#0
OSAM-COOP-1047-SOFTWARE_CON,https://validanto365.sharepoint.com/sites/OSAM-COOP-1047-SOFTWARE_CON,https://validanto365.sharepoint.com/sites/OSAM-coop-1047-software_con,500,JHuson@Validant.com,STS#0
OSAM-COOP-1133-NPSW-VALIDATION,https://validanto365.sharepoint.com/sites/OSAM-COOP-1133-NPSW-VALIDATION,https://validanto365.sharepoint.com/sites/OSAM-coop-1133-npsw-validation,500,JHuson@Validant.com,STS#0
OSAM-COOP-1176-AXSESS-MDR,https://validanto365.sharepoint.com/sites/OSAM-COOP-1176-AXSESS-MDR,https://validanto365.sharepoint.com/sites/OSAM-coop-1176-axsess-mdr,500,JHuson@Validant.com,STS#0
OSAM-COOP-1181-EU-MDR-TRANSITION,https://validanto365.sharepoint.com/sites/OSAM-COOP-1181-EU-MDR-TRANSITION,https://validanto365.sharepoint.com/sites/OSAM-coop-1181-eu-mdr-transition,500,JHuson@Validant.com,STS#0
OSAM-COOP-1193-STAFFAUG-RA-QA,https://validanto365.sharepoint.com/sites/OSAM-COOP-1193-STAFFAUG-RA-QA,https://validanto365.sharepoint.com/sites/OSAM-coop-1193-staffaug-ra-qa,500,JHuson@Validant.com,STS#0
OSAM-Cooper Surgical 2021,https://validanto365.sharepoint.com/sites/OSAM-Cooper Surgical 2021,https://validanto365.sharepoint.com/sites/OSAM-coopersurgical2021,500,JHuson@Validant.com,STS#0
OSAM-Cooper Surgical Hold File,https://validanto365.sharepoint.com/sites/OSAM-Cooper Surgical Hold File,https://validanto365.sharepoint.com/sites/OSAM-coopersurgicalholdfile,500,JHuson@Validant.com,STS#0
OSAM-Cooper Surgical Product Remediation COOP-0645-CEMARK,https://validanto365.sharepoint.com/sites/OSAM-Cooper Surgical Product Remediation COOP-0645-CEMARK,https://validanto365.sharepoint.com/sites/OSAM-coopersurgicalproductremediationcoop-0645-cemark,500,JHuson@Validant.com,STS#0
OSAM-CooperSurgical,https://validanto365.sharepoint.com/sites/OSAM-CooperSurgical,https://validanto365.sharepoint.com/sites/OSAM-coopersurgical,500,JHuson@Validant.com,STS#0
OSAM-CooperSurgical-QMS,https://validanto365.sharepoint.com/sites/OSAM-CooperSurgical-QMS,https://validanto365.sharepoint.com/sites/OSAM-coopersurgical-qms,500,JHuson@Validant.com,STS#0
OSAM-COVID-19 TEAM 1 (VIRTUAL TRAINING),https://validanto365.sharepoint.com/sites/OSAM-COVID-19 TEAM 1 (VIRTUAL TRAINING),https://validanto365.sharepoint.com/sites/OSAM-COVID-19TEAM1VIRTUALTRAINING,500,JHuson@Validant.com,STS#0
OSAM-CRES-1210-QMS-ISO9,https://validanto365.sharepoint.com/sites/OSAM-CRES-1210-QMS-ISO9,https://validanto365.sharepoint.com/sites/OSAM-cres-1210-qms-iso9,500,JHuson@Validant.com,STS#0
OSAM-CRM Internal Project,https://validanto365.sharepoint.com/sites/OSAM-CRM Internal Project,https://validanto365.sharepoint.com/sites/OSAM-crminternalproject,500,JHuson@Validant.com,STS#0
OSAM-CRS Course Development,https://validanto365.sharepoint.com/sites/OSAM-CRS Course Development,https://validanto365.sharepoint.com/sites/OSAM-crscoursedevelopment,500,JHuson@Validant.com,STS#0
OSAM-Current Projects,https://validanto365.sharepoint.com/sites/OSAM-Current Projects,https://validanto365.sharepoint.com/sites/OSAM-CurrentProjects,500,JHuson@Validant.com,STS#0
OSAM-Custom Courses,https://validanto365.sharepoint.com/sites/OSAM-Custom Courses,https://validanto365.sharepoint.com/sites/OSAM-CustomCourses,500,JHuson@Validant.com,STS#0
OSAM-DEandI,https://validanto365.sharepoint.com/sites/OSAM-DEandI,https://validanto365.sharepoint.com/sites/OSAM-deandi,500,JHuson@Validant.com,STS#0
OSAM-DEEP-0965-BASELINE-13485,https://validanto365.sharepoint.com/sites/OSAM-DEEP-0965-BASELINE-13485,https://validanto365.sharepoint.com/sites/OSAM-deep-0965-baseline-13485,500,JHuson@Validant.com,STS#0
OSAM-DEnI,https://validanto365.sharepoint.com/sites/OSAM-DEnI,https://validanto365.sharepoint.com/sites/OSAM-DEnI,500,JHuson@Validant.com,STS#0
OSAM-Draeger Medical -MOCK-MDSAP-APR2018-0108,https://validanto365.sharepoint.com/sites/OSAM-Draeger Medical -MOCK-MDSAP-APR2018-0108,https://validanto365.sharepoint.com/sites/OSAM-draegermedical-mock-mdsap-apr2018-0108,500,JHuson@Validant.com,STS#0
OSAM-DUKA-1505-EU-MDR-TRANSITION,https://validanto365.sharepoint.com/sites/OSAM-DUKA-1505-EU-MDR-TRANSITION,https://validanto365.sharepoint.com/sites/OSAM-duka-1505-eu-mdr-transition,500,JHuson@Validant.com,STS#0
OSAM-ECLI-0950-STAFFAUG-RA-QA,https://validanto365.sharepoint.com/sites/OSAM-ECLI-0950-STAFFAUG-RA-QA,https://validanto365.sharepoint.com/sites/OSAM-ecli-0950-staffaug-ra-qa,500,JHuson@Validant.com,STS#0
OSAM-eCW pre-engagement info,https://validanto365.sharepoint.com/sites/OSAM-eCW pre-engagement info,https://validanto365.sharepoint.com/sites/OSAM-eCWpre-engagementinfo,500,JHuson@Validant.com,STS#0
OSAM-EITA-1276-AXSESS-MDR,https://validanto365.sharepoint.com/sites/OSAM-EITA-1276-AXSESS-MDR,https://validanto365.sharepoint.com/sites/OSAM-eita-1276-axsess-mdr,500,JHuson@Validant.com,STS#0
OSAM-eLearning Team,https://validanto365.sharepoint.com/sites/OSAM-eLearning Team,https://validanto365.sharepoint.com/sites/OSAM-eLearningTeam,500,JHuson@Validant.com,STS#0
OSAM-ELEV-0777-BASELINE-13485,https://validanto365.sharepoint.com/sites/OSAM-ELEV-0777-BASELINE-13485,https://validanto365.sharepoint.com/sites/OSAM-elev-0777-baseline-13485,500,JHuson@Validant.com,STS#0
OSAM-ELEV-0777-BASELINE-13485-NEW,https://validanto365.sharepoint.com/sites/OSAM-ELEV-0777-BASELINE-13485-NEW,https://validanto365.sharepoint.com/sites/OSAM-elev-0777-baseline-13485-new,500,JHuson@Validant.com,STS#0
OSAM-EMF update,https://validanto365.sharepoint.com/sites/OSAM-EMF update,https://validanto365.sharepoint.com/sites/OSAM-EMFupdate,500,JHuson@Validant.com,STS#0
OSAM-EMF-VILT EU MDR Implementation Training,https://validanto365.sharepoint.com/sites/OSAM-EMF-VILT EU MDR Implementation Training,https://validanto365.sharepoint.com/sites/OSAM-EMF-VILTEUMDRImplementationTraining,500,JHuson@Validant.com,STS#0
OSAM-ERCH-0493-AXSESS-MDR,https://validanto365.sharepoint.com/sites/OSAM-ERCH-0493-AXSESS-MDR,https://validanto365.sharepoint.com/sites/OSAM-erch-0493-axsess-mdr,500,JHuson@Validant.com,STS#0
OSAM-ERCH-0578-BASE-MDR,https://validanto365.sharepoint.com/sites/OSAM-ERCH-0578-BASE-MDR,https://validanto365.sharepoint.com/sites/OSAM-erch-0578-base-mdr,500,JHuson@Validant.com,STS#0
OSAM-ETHI-0681-AXSESS-MDR,https://validanto365.sharepoint.com/sites/OSAM-ETHI-0681-AXSESS-MDR,https://validanto365.sharepoint.com/sites/OSAM-ethi-0681-axsess-mdr,500,JHuson@Validant.com,STS#0
OSAM-ETHI-1393-INTERNAL-MDR,https://validanto365.sharepoint.com/sites/OSAM-ETHI-1393-INTERNAL-MDR,https://validanto365.sharepoint.com/sites/OSAM-ethi-1393-internal-mdr,500,JHuson@Validant.com,STS#0
OSAM-EU MDR Auditor Qualification,https://validanto365.sharepoint.com/sites/OSAM-EU MDR Auditor Qualification,https://validanto365.sharepoint.com/sites/OSAM-eumdrauditorqualification,500,JHuson@Validant.com,STS#0
OSAM-EU MDR Modules,https://validanto365.sharepoint.com/sites/OSAM-EU MDR Modules,https://validanto365.sharepoint.com/sites/OSAM-EUMDRModules,500,JHuson@Validant.com,STS#0
OSAM-EYEQ-1381-QMS-13485-QSR,https://validanto365.sharepoint.com/sites/OSAM-EYEQ-1381-QMS-13485-QSR,https://validanto365.sharepoint.com/sites/OSAM-eyeq-1381-qms-13485-qsr,500,JHuson@Validant.com,STS#0
OSAM-FACI-0817-EUA,https://validanto365.sharepoint.com/sites/OSAM-FACI-0817-EUA,https://validanto365.sharepoint.com/sites/OSAM-faci-0817-eua,500,JHuson@Validant.com,STS#0
OSAM-Feedback,https://validanto365.sharepoint.com/sites/OSAM-Feedback,https://validanto365.sharepoint.com/sites/OSAM-Feedback,500,JHuson@Validant.com,STS#0
OSAM-Flowmet-AUDIT-13485-9001-APR2018-0193,https://validanto365.sharepoint.com/sites/OSAM-Flowmet-AUDIT-13485-9001-APR2018-0193,https://validanto365.sharepoint.com/sites/OSAM-flowmet-audit-13485-9001-apr2018-0193,500,JHuson@Validant.com,STS#0
OSAM-FUJIREBIO-MOCK-MDSAP-JAN2018-0119,https://validanto365.sharepoint.com/sites/OSAM-FUJIREBIO-MOCK-MDSAP-JAN2018-0119,https://validanto365.sharepoint.com/sites/OSAM-fuji-mock-mdsap-jan2018-0119,500,JHuson@Validant.com,STS#0
OSAM-Gasco Team,https://validanto365.sharepoint.com/sites/OSAM-Gasco Team,https://validanto365.sharepoint.com/sites/OSAM-gascoteam,500,JHuson@Validant.com,STS#0
OSAM-GB Minitab Update,https://validanto365.sharepoint.com/sites/OSAM-GB Minitab Update,https://validanto365.sharepoint.com/sites/OSAM-GBMinitabUpdate,500,JHuson@Validant.com,STS#0
OSAM-GENE-0466-510(K),https://validanto365.sharepoint.com/sites/OSAM-GENE-0466-510(K),https://validanto365.sharepoint.com/sites/OSAM-gene-0466-510k,500,JHuson@Validant.com,STS#0
OSAM-GENE-1340-MOCK-MDSAP,https://validanto365.sharepoint.com/sites/OSAM-GENE-1340-MOCK-MDSAP,https://validanto365.sharepoint.com/sites/OSAM-gene-1340-mock-mdsap,500,JHuson@Validant.com,STS#0
OSAM-Genomic Health,https://validanto365.sharepoint.com/sites/OSAM-Genomic Health,https://validanto365.sharepoint.com/sites/OSAM-genomichealth,500,JHuson@Validant.com,STS#0
OSAM-Getinge-PMA-VILT-Session,https://validanto365.sharepoint.com/sites/OSAM-Getinge-PMA-VILT-Session,https://validanto365.sharepoint.com/sites/OSAM-getinge-pma-vilt-session,500,JHuson@Validant.com,STS#0
OSAM-GLOB-0935-US REG STRAT,https://validanto365.sharepoint.com/sites/OSAM-GLOB-0935-US REG STRAT,https://validanto365.sharepoint.com/sites/OSAM-glob-0935-usregstrat,500,JHuson@Validant.com,STS#0
OSAM-GLWM-1298-FDAMOCKAUDIT,https://validanto365.sharepoint.com/sites/OSAM-GLWM-1298-FDAMOCKAUDIT,https://validanto365.sharepoint.com/sites/OSAM-glwm-1298-fdamockaudit,500,JHuson@Validant.com,STS#0
OSAM-GRAI-1555-PREASS-IVDR,https://validanto365.sharepoint.com/sites/OSAM-GRAI-1555-PREASS-IVDR,https://validanto365.sharepoint.com/sites/OSAM-grai-1555-preass-ivdr,500,JHuson@Validant.com,STS#0
OSAM-Green Belt Files for Newell Brands License 2021,https://validanto365.sharepoint.com/sites/OSAM-Green Belt Files for Newell Brands License 2021,https://validanto365.sharepoint.com/sites/OSAM-NewellBrandsGBLicense2021,500,JHuson@Validant.com,STS#0
OSAM-GSKC-0686-BASELINE-MDSAP,https://validanto365.sharepoint.com/sites/OSAM-GSKC-0686-BASELINE-MDSAP,https://validanto365.sharepoint.com/sites/OSAM-gskc-0686-baseline-mdsap,500,JHuson@Validant.com,STS#0
OSAM-HENG-1542-REGSTRAT-EU+US,https://validanto365.sharepoint.com/sites/OSAM-HENG-1542-REGSTRAT-EU+US,https://validanto365.sharepoint.com/sites/OSAM-heng-1542-regstrat-euus,500,JHuson@Validant.com,STS#0
OSAM-HRT-CON-REG-STRAT-Aug 2018-0259 & QSR-Oct-0281,https://validanto365.sharepoint.com/sites/OSAM-HRT-CON-REG-STRAT-Aug 2018-0259 & QSR-Oct-0281,https://validanto365.sharepoint.com/sites/OSAM-hrt-con-reg-strat-global-aug2018-0259,500,JHuson@Validant.com,STS#0
OSAM-IDET-1392-US REG STRAT,https://validanto365.sharepoint.com/sites/OSAM-IDET-1392-US REG STRAT,https://validanto365.sharepoint.com/sites/OSAM-idet-1392-usregstrat,500,JHuson@Validant.com,STS#0
OSAM-IMAG-0964-FDAMOCKAUDIT,https://validanto365.sharepoint.com/sites/OSAM-IMAG-0964-FDAMOCKAUDIT,https://validanto365.sharepoint.com/sites/OSAM-imag-0964-fdamockaudit,500,JHuson@Validant.com,STS#0
OSAM-INFL-1056-QMS-QSR,https://validanto365.sharepoint.com/sites/OSAM-INFL-1056-QMS-QSR,https://validanto365.sharepoint.com/sites/OSAM-infl-1056-qms-qsr,500,JHuson@Validant.com,STS#0
OSAM-INFU-0738-BASE-MDR,https://validanto365.sharepoint.com/sites/OSAM-INFU-0738-BASE-MDR,https://validanto365.sharepoint.com/sites/OSAM-infu-0738-base-mdr,500,JHuson@Validant.com,STS#0
OSAM-INNA-1307-US REG STRAT,https://validanto365.sharepoint.com/sites/OSAM-INNA-1307-US REG STRAT,https://validanto365.sharepoint.com/sites/OSAM-inna-1307-usregstrat,500,JHuson@Validant.com,STS#0
OSAM-Inputs,https://validanto365.sharepoint.com/sites/OSAM-Inputs,https://validanto365.sharepoint.com/sites/OSAM-Inputs,500,JHuson@Validant.com,STS#0
OSAM-Inputs to Training Materials,https://validanto365.sharepoint.com/sites/OSAM-Inputs to Training Materials,https://validanto365.sharepoint.com/sites/OSAM-InputstoTrainingMaterials,500,JHuson@Validant.com,STS#0
OSAM-INST-1150-REGSTRAT-EU+US,https://validanto365.sharepoint.com/sites/OSAM-INST-1150-REGSTRAT-EU+US,https://validanto365.sharepoint.com/sites/OSAM-inst-1150-regstrat-euus,500,JHuson@Validant.com,STS#0
OSAM-INST-1292-US REG STRAT,https://validanto365.sharepoint.com/sites/OSAM-INST-1292-US REG STRAT,https://validanto365.sharepoint.com/sites/OSAM-inst-1292-usregstrat,500,JHuson@Validant.com,STS#0
OSAM-Instructor Training Materials,https://validanto365.sharepoint.com/sites/OSAM-Instructor Training Materials,https://validanto365.sharepoint.com/sites/OSAM-Instructor_Files,500,JHuson@Validant.com,STS#0
OSAM-INTE-0728-INT- HYB,https://validanto365.sharepoint.com/sites/OSAM-INTE-0728-INT- HYB,https://validanto365.sharepoint.com/sites/OSAM-inte-0728-int-hyb,500,JHuson@Validant.com,STS#0
OSAM-Internal Audit,https://validanto365.sharepoint.com/sites/OSAM-Internal Audit,https://validanto365.sharepoint.com/sites/OSAM-InternalAudit,500,JHuson@Validant.com,STS#0
OSAM-INTERNAL TRAINING,https://validanto365.sharepoint.com/sites/OSAM-INTERNAL TRAINING,https://validanto365.sharepoint.com/sites/OSAM-internaltraining,500,JHuson@Validant.com,STS#0
OSAM-INTU-1203-AUDIT-14000,https://validanto365.sharepoint.com/sites/OSAM-INTU-1203-AUDIT-14000,https://validanto365.sharepoint.com/sites/OSAM-intu-1203-audit-14000,500,JHuson@Validant.com,STS#0
OSAM-INVI-1268-IVDR-CON,https://validanto365.sharepoint.com/sites/OSAM-INVI-1268-IVDR-CON,https://validanto365.sharepoint.com/sites/OSAM-invi-1268-ivdr-con,500,JHuson@Validant.com,STS#0
OSAM-IOPI-0987-AUDIT-13485/QSR,https://validanto365.sharepoint.com/sites/OSAM-IOPI-0987-AUDIT-13485/QSR,https://validanto365.sharepoint.com/sites/OSAM-iopi-0987-audit-13485qsr,500,JHuson@Validant.com,STS#0
OSAM-IOPI-1464-AUDIT-13485/QSR,https://validanto365.sharepoint.com/sites/OSAM-IOPI-1464-AUDIT-13485/QSR,https://validanto365.sharepoint.com/sites/OSAM-iopi-1464-audit-13485qsr,500,JHuson@Validant.com,STS#0
OSAM-IOQ Crew,https://validanto365.sharepoint.com/sites/OSAM-IOQ Crew,https://validanto365.sharepoint.com/sites/OSAM-IOQCrew,500,JHuson@Validant.com,STS#0
OSAM-IRHY-1061-MOCK-MDSAP,https://validanto365.sharepoint.com/sites/OSAM-IRHY-1061-MOCK-MDSAP,https://validanto365.sharepoint.com/sites/OSAM-irhy-1061-mock-mdsap,500,JHuson@Validant.com,STS#0
OSAM-IRHY-1476-INT- HYB,https://validanto365.sharepoint.com/sites/OSAM-IRHY-1476-INT- HYB,https://validanto365.sharepoint.com/sites/OSAM-irhy-1476-int-hyb,500,JHuson@Validant.com,STS#0
OSAM-IT Admin,https://validanto365.sharepoint.com/sites/OSAM-IT Admin,https://validanto365.sharepoint.com/sites/OSAM-ITAdmin,500,JHuson@Validant.com,STS#0
OSAM-ITWM-1284-CEMARK,https://validanto365.sharepoint.com/sites/OSAM-ITWM-1284-CEMARK,https://validanto365.sharepoint.com/sites/OSAM-itwm-1284-cemark,500,JHuson@Validant.com,STS#0
OSAM-IVOC-1211-INT- HYB,https://validanto365.sharepoint.com/sites/OSAM-IVOC-1211-INT- HYB,https://validanto365.sharepoint.com/sites/OSAM-ivoc-1211-int-hyb,500,JHuson@Validant.com,STS#0
OSAM-JAME-0942-US REG STRAT,https://validanto365.sharepoint.com/sites/OSAM-JAME-0942-US REG STRAT,https://validanto365.sharepoint.com/sites/OSAM-jame-0942-usregstrat,500,JHuson@Validant.com,STS#0
OSAM-JOER-0455-BASE-MDR,https://validanto365.sharepoint.com/sites/OSAM-JOER-0455-BASE-MDR,https://validanto365.sharepoint.com/sites/OSAM-joer-0455-base-mdr,500,JHuson@Validant.com,STS#0
OSAM-JOHN-0625-EU-MDR-TRANSITION,https://validanto365.sharepoint.com/sites/OSAM-JOHN-0625-EU-MDR-TRANSITION,https://validanto365.sharepoint.com/sites/OSAM-john-0625-eu-mdr-transition,500,JHuson@Validant.com,STS#0
OSAM-JOHN-0899-QMS-QSR,https://validanto365.sharepoint.com/sites/OSAM-JOHN-0899-QMS-QSR,https://validanto365.sharepoint.com/sites/OSAM-john-0899-qms-qsr,500,JHuson@Validant.com,STS#0
OSAM-Johnson and Johnson,https://validanto365.sharepoint.com/sites/OSAM-Johnson and Johnson,https://validanto365.sharepoint.com/sites/OSAM-johnsonandjohnson,500,JHuson@Validant.com,STS#0
OSAM-JUBI-0740-BASE-MDR,https://validanto365.sharepoint.com/sites/OSAM-JUBI-0740-BASE-MDR,https://validanto365.sharepoint.com/sites/OSAM-jubi-0740-base-mdr,500,JHuson@Validant.com,STS#0
OSAM-Jubilant EU MDR Transition Project OSAM Peeps,https://validanto365.sharepoint.com/sites/OSAM-Jubilant EU MDR Transition Project OSAM Peeps,https://validanto365.sharepoint.com/sites/OSAM-JubilantEUMDRTransitionProjectOSAMPeeps,500,JHuson@Validant.com,STS#0
OSAM-Just me,https://validanto365.sharepoint.com/sites/OSAM-Just me,https://validanto365.sharepoint.com/sites/OSAM-Justme,500,JHuson@Validant.com,STS#0
OSAM-KB Project Planner,https://validanto365.sharepoint.com/sites/OSAM-KB Project Planner,https://validanto365.sharepoint.com/sites/OSAM-KBProjectPlanner,500,JHuson@Validant.com,STS#0
OSAM-KING-1517-US REG STRAT,https://validanto365.sharepoint.com/sites/OSAM-KING-1517-US REG STRAT,https://validanto365.sharepoint.com/sites/OSAM-king-1517-usregstrat,500,JHuson@Validant.com,STS#0
OSAM-KLS-MOCK-MDSAP-DEC2017-0079,https://validanto365.sharepoint.com/sites/OSAM-KLS-MOCK-MDSAP-DEC2017-0079,https://validanto365.sharepoint.com/sites/OSAM-kls-mock-mdsap-dec2017-0079,500,JHuson@Validant.com,STS#0
OSAM-KORU Medical Systems Internal Audit - Nov 2021,https://validanto365.sharepoint.com/sites/OSAM-KORU Medical Systems Internal Audit - Nov 2021,https://validanto365.sharepoint.com/sites/OSAM-KORUMedicalSystemsInternalAudit-Nov2021,500,JHuson@Validant.com,STS#0
OSAM-KORU-0711-AUDIT-MDSAP,https://validanto365.sharepoint.com/sites/OSAM-KORU-0711-AUDIT-MDSAP,https://validanto365.sharepoint.com/sites/OSAM-koru-0711-audit-mdsap,500,JHuson@Validant.com,STS#0
OSAM-KORU-1399-BASE-MDR,https://validanto365.sharepoint.com/sites/OSAM-KORU-1399-BASE-MDR,https://validanto365.sharepoint.com/sites/OSAM-koru-1399-base-mdr,500,JHuson@Validant.com,STS#0
OSAM-KORU-1511-INT- HYB,https://validanto365.sharepoint.com/sites/OSAM-KORU-1511-INT- HYB,https://validanto365.sharepoint.com/sites/OSAM-koru-1511-int-hyb,500,JHuson@Validant.com,STS#0
OSAM-KORU-1556-DOC-REM,https://validanto365.sharepoint.com/sites/OSAM-KORU-1556-DOC-REM,https://validanto365.sharepoint.com/sites/OSAM-koru-1556-doc-rem,500,JHuson@Validant.com,STS#0
OSAM-KOVEN-ASSESS-QSR-13485-NOV2017-0100,https://validanto365.sharepoint.com/sites/OSAM-KOVEN-ASSESS-QSR-13485-NOV2017-0100,https://validanto365.sharepoint.com/sites/OSAM-koven-assess-qsr-13485-nov2017-0100,500,JHuson@Validant.com,STS#0
OSAM-KTHE-0663-QMS-13485-QSR,https://validanto365.sharepoint.com/sites/OSAM-KTHE-0663-QMS-13485-QSR,https://validanto365.sharepoint.com/sites/OSAM-kthe-0663-qms-13485-qsr,500,JHuson@Validant.com,STS#0
OSAM-LACR-0785-AUDIT-13485/QSR,https://validanto365.sharepoint.com/sites/OSAM-LACR-0785-AUDIT-13485/QSR,https://validanto365.sharepoint.com/sites/OSAM-lacr-0785-audit-13485qsr,500,JHuson@Validant.com,STS#0
OSAM-LACR-1042-BASE-MDR,https://validanto365.sharepoint.com/sites/OSAM-LACR-1042-BASE-MDR,https://validanto365.sharepoint.com/sites/OSAM-lacr-1042-base-mdr,500,JHuson@Validant.com,STS#0
OSAM-LACR-1288-AUDIT-13485/QSR,https://validanto365.sharepoint.com/sites/OSAM-LACR-1288-AUDIT-13485/QSR,https://validanto365.sharepoint.com/sites/OSAM-lacr-1288-audit-13485qsr,500,JHuson@Validant.com,STS#0
OSAM-LeadershipTeam,https://validanto365.sharepoint.com/sites/OSAM-LeadershipTeam,https://validanto365.sharepoint.com/sites/OSAM-LeadershipTeam,500,JHuson@Validant.com,STS#0
OSAM-Libby Farrelly PM,https://validanto365.sharepoint.com/sites/OSAM-Libby Farrelly PM,https://validanto365.sharepoint.com/sites/OSAM-LibbyFarrellyPM,500,JHuson@Validant.com,STS#0
OSAM-Lo que sea,https://validanto365.sharepoint.com/sites/OSAM-Lo que sea,https://validanto365.sharepoint.com/sites/OSAM-Loquesea,500,JHuson@Validant.com,STS#0
OSAM-LUME-0514-BASE-MDR,https://validanto365.sharepoint.com/sites/OSAM-LUME-0514-BASE-MDR,https://validanto365.sharepoint.com/sites/OSAM-lume-eu-mdr-transition-jan2019-0315,500,JHuson@Validant.com,STS#0
OSAM-LUME-0725-FDA-INSPECTION READINESS,https://validanto365.sharepoint.com/sites/OSAM-LUME-0725-FDA-INSPECTION READINESS,https://validanto365.sharepoint.com/sites/OSAM-lume-0725-fda-inspectionreadiness,500,JHuson@Validant.com,STS#0
OSAM-LUME-1041-DOC-REM,https://validanto365.sharepoint.com/sites/OSAM-LUME-1041-DOC-REM,https://validanto365.sharepoint.com/sites/OSAM-lume-1041-doc-rem,500,JHuson@Validant.com,STS#0
OSAM-LUME-1481-SUPPLIER-AUDIT-13485,https://validanto365.sharepoint.com/sites/OSAM-LUME-1481-SUPPLIER-AUDIT-13485,https://validanto365.sharepoint.com/sites/OSAM-lume-1481-supplier-audit-13485,500,JHuson@Validant.com,STS#0
OSAM-LUME-1596-SUPPLIER-AUDIT-QSR-13485,https://validanto365.sharepoint.com/sites/OSAM-LUME-1596-SUPPLIER-AUDIT-QSR-13485,https://validanto365.sharepoint.com/sites/OSAM-lume-1596-supplier-audit-qsr-13485,500,JHuson@Validant.com,STS#0
OSAM-LUPI-1415-CEMARK,https://validanto365.sharepoint.com/sites/OSAM-LUPI-1415-CEMARK,https://validanto365.sharepoint.com/sites/OSAM-lupi-1415-cemark,500,JHuson@Validant.com,STS#0
OSAM-LUTO-CON-QMS-13485-QSR-Aug 2018-0271,https://validanto365.sharepoint.com/sites/OSAM-LUTO-CON-QMS-13485-QSR-Aug 2018-0271,https://validanto365.sharepoint.com/sites/OSAM-luto-con-qms-13485-qsr-aug2018-0271,500,JHuson@Validant.com,STS#0
OSAM-Lynch,https://validanto365.sharepoint.com/sites/OSAM-Lynch,https://validanto365.sharepoint.com/sites/OSAM-Lynch,500,JHuson@Validant.com,STS#0
OSAM-MALL-0977-AXSESS-MDR,https://validanto365.sharepoint.com/sites/OSAM-MALL-0977-AXSESS-MDR,https://validanto365.sharepoint.com/sites/OSAM-mall-0977-axsess-mdr,500,JHuson@Validant.com,STS#0
OSAM-Marash Family Docs,https://validanto365.sharepoint.com/sites/OSAM-Marash Family Docs,https://validanto365.sharepoint.com/sites/OSAM-MarashFamilyDocs,500,JHuson@Validant.com,STS#0
OSAM-MART-0876-510(K),https://validanto365.sharepoint.com/sites/OSAM-MART-0876-510(K),https://validanto365.sharepoint.com/sites/OSAM-mart-0876-510k,500,JHuson@Validant.com,STS#0
OSAM-MART-1021-QMS-QSR,https://validanto365.sharepoint.com/sites/OSAM-MART-1021-QMS-QSR,https://validanto365.sharepoint.com/sites/OSAM-mart-1021-qms-qsr,500,JHuson@Validant.com,STS#0
OSAM-MART-1487-QMS-QSR,https://validanto365.sharepoint.com/sites/OSAM-MART-1487-QMS-QSR,https://validanto365.sharepoint.com/sites/OSAM-mart-1487-qms-qsr,500,JHuson@Validant.com,STS#0
OSAM-MATT-1057-FDARECALL,https://validanto365.sharepoint.com/sites/OSAM-MATT-1057-FDARECALL,https://validanto365.sharepoint.com/sites/OSAM-matt-1057-fdarecall,500,JHuson@Validant.com,STS#0
OSAM-MDSAP MidMark,https://validanto365.sharepoint.com/sites/OSAM-MDSAP MidMark,https://validanto365.sharepoint.com/sites/OSAM-mdsapmidmark,500,JHuson@Validant.com,STS#0
OSAM-MEDC-0621-EU-MDR-TRANSITION,https://validanto365.sharepoint.com/sites/OSAM-MEDC-0621-EU-MDR-TRANSITION,https://validanto365.sharepoint.com/sites/OSAM-medc-0621-eu-mdr-transition,500,JHuson@Validant.com,STS#0
OSAM-MEDC-0746-QMS-QSR,https://validanto365.sharepoint.com/sites/OSAM-MEDC-0746-QMS-QSR,https://validanto365.sharepoint.com/sites/OSAM-medc-0746-qms-qsr,500,JHuson@Validant.com,STS#0
OSAM-MEDC-1040-AXSESS-MDR,https://validanto365.sharepoint.com/sites/OSAM-MEDC-1040-AXSESS-MDR,https://validanto365.sharepoint.com/sites/OSAM-medc-1040-axsess-mdr,500,JHuson@Validant.com,STS#0
OSAM-MEDC-1279-STAFFAUG-RA-QA,https://validanto365.sharepoint.com/sites/OSAM-MEDC-1279-STAFFAUG-RA-QA,https://validanto365.sharepoint.com/sites/OSAM-medc-1279-staffaug-ra-qa,500,JHuson@Validant.com,STS#0
OSAM-MEDI-1412-AUDIT-13485/QSR,https://validanto365.sharepoint.com/sites/OSAM-MEDI-1412-AUDIT-13485/QSR,https://validanto365.sharepoint.com/sites/OSAM-medi-1412-audit-13485qsr,500,JHuson@Validant.com,STS#0
OSAM-MEDIFLEX-MOCK-NOV2018-0080,https://validanto365.sharepoint.com/sites/OSAM-MEDIFLEX-MOCK-NOV2018-0080,https://validanto365.sharepoint.com/sites/OSAM-mediflex-mock-nov2018-0080,500,JHuson@Validant.com,STS#0
OSAM-MEDT-1293-SOFTWARE_CON,https://validanto365.sharepoint.com/sites/OSAM-MEDT-1293-SOFTWARE_CON,https://validanto365.sharepoint.com/sites/OSAM-medt-1293-software_con,500,JHuson@Validant.com,STS#0
OSAM-MEDT-1401-EU-MDR-TRANSITION,https://validanto365.sharepoint.com/sites/OSAM-MEDT-1401-EU-MDR-TRANSITION,https://validanto365.sharepoint.com/sites/OSAM-medt-1401-eu-mdr-transition,500,JHuson@Validant.com,STS#0
OSAM-MEDT-1461-AUDIT-13485/QSR,https://validanto365.sharepoint.com/sites/OSAM-MEDT-1461-AUDIT-13485/QSR,https://validanto365.sharepoint.com/sites/OSAM-medt-1461-audit-13485qsr,500,JHuson@Validant.com,STS#0
OSAM-MEDT-1467-AUDIT-13485/QSR,https://validanto365.sharepoint.com/sites/OSAM-MEDT-1467-AUDIT-13485/QSR,https://validanto365.sharepoint.com/sites/OSAM-medt-1467-audit-13485qsr,500,JHuson@Validant.com,STS#0
OSAM-MEDT-1523-AUDIT-MDSAP,https://validanto365.sharepoint.com/sites/OSAM-MEDT-1523-AUDIT-MDSAP,https://validanto365.sharepoint.com/sites/OSAM-medt-1523-audit-mdsap,500,JHuson@Validant.com,STS#0
OSAM-MEDT-1570-INTERNAL-MDR,https://validanto365.sharepoint.com/sites/OSAM-MEDT-1570-INTERNAL-MDR,https://validanto365.sharepoint.com/sites/OSAM-medt-1570-internal-mdr,500,JHuson@Validant.com,STS#0
OSAM-MEDT-1580-INT- HYB,https://validanto365.sharepoint.com/sites/OSAM-MEDT-1580-INT- HYB,https://validanto365.sharepoint.com/sites/OSAM-medt-1580-int-hyb,500,JHuson@Validant.com,STS#0
OSAM-MEDT-1583-INT- HYB,https://validanto365.sharepoint.com/sites/OSAM-MEDT-1583-INT- HYB,https://validanto365.sharepoint.com/sites/OSAM-medt-1583-int-hyb,500,JHuson@Validant.com,STS#0
OSAM-MEDT-1611-FDAMOCKAUDIT,https://validanto365.sharepoint.com/sites/OSAM-MEDT-1611-FDAMOCKAUDIT,https://validanto365.sharepoint.com/sites/OSAM-medt-1611-fdamockaudit,500,JHuson@Validant.com,STS#0
OSAM-Medtech Insight,https://validanto365.sharepoint.com/sites/OSAM-Medtech Insight,https://validanto365.sharepoint.com/sites/OSAM-MedtechInsight,500,JHuson@Validant.com,STS#0
OSAM-Medtech Insight Weekly Issue,https://validanto365.sharepoint.com/sites/OSAM-Medtech Insight Weekly Issue,https://validanto365.sharepoint.com/sites/OSAM-MedtechInsightWeeklyIssue,500,JHuson@Validant.com,STS#0
OSAM-Medtech Insight Weekly Issues,https://validanto365.sharepoint.com/sites/OSAM-Medtech Insight Weekly Issues,https://validanto365.sharepoint.com/sites/OSAM-MedtechInsightWeeklyIssues2,500,JHuson@Validant.com,STS#0
OSAM-Merck Design Control Training,https://validanto365.sharepoint.com/sites/OSAM-Merck Design Control Training,https://validanto365.sharepoint.com/sites/OSAM-merckdesigncontroltraining,500,JHuson@Validant.com,STS#0
OSAM-MICR-1053-INTERNAL-MDR,https://validanto365.sharepoint.com/sites/OSAM-MICR-1053-INTERNAL-MDR,https://validanto365.sharepoint.com/sites/OSAM-micr-1053-internal-mdr,500,JHuson@Validant.com,STS#0
OSAM-MICR-1303-US REG STRAT,https://validanto365.sharepoint.com/sites/OSAM-MICR-1303-US REG STRAT,https://validanto365.sharepoint.com/sites/OSAM-micr-1303-usregstrat,500,JHuson@Validant.com,STS#0
OSAM-MOLG-1434-ASSESS-QSR-13485,https://validanto365.sharepoint.com/sites/OSAM-MOLG-1434-ASSESS-QSR-13485,https://validanto365.sharepoint.com/sites/OSAM-molg-1434-assess-qsr-13485,500,JHuson@Validant.com,STS#0
OSAM-MPBI-1255-EUA,https://validanto365.sharepoint.com/sites/OSAM-MPBI-1255-EUA,https://validanto365.sharepoint.com/sites/OSAM-mpbi-1255-eua,500,JHuson@Validant.com,STS#0
OSAM-NELA-1031-PMA,https://validanto365.sharepoint.com/sites/OSAM-NELA-1031-PMA,https://validanto365.sharepoint.com/sites/OSAM-nela-1031-pma,500,JHuson@Validant.com,STS#0
OSAM-NEOC-0946-AUDIT-13485/QSR,https://validanto365.sharepoint.com/sites/OSAM-NEOC-0946-AUDIT-13485/QSR,https://validanto365.sharepoint.com/sites/OSAM-neoc-0946-audit-13485qsr,500,JHuson@Validant.com,STS#0
OSAM-NEOC-1398-AUDIT-13485/QSR,https://validanto365.sharepoint.com/sites/OSAM-NEOC-1398-AUDIT-13485/QSR,https://validanto365.sharepoint.com/sites/OSAM-neoc-1398-audit-13485qsr,500,JHuson@Validant.com,STS#0
OSAM-NEPH-0444-RA/QACONSULT,https://validanto365.sharepoint.com/sites/OSAM-NEPH-0444-RA/QACONSULT,https://validanto365.sharepoint.com/sites/OSAM-neph-0444-raqaconsult,500,JHuson@Validant.com,STS#0
OSAM-NEPH-0633-BASELINE-MDSAP,https://validanto365.sharepoint.com/sites/OSAM-NEPH-0633-BASELINE-MDSAP,https://validanto365.sharepoint.com/sites/OSAM-neph-0633-baseline-mdsap,500,JHuson@Validant.com,STS#0
OSAM-NEPH-0698-AUDIT-MDSAP,https://validanto365.sharepoint.com/sites/OSAM-NEPH-0698-AUDIT-MDSAP,https://validanto365.sharepoint.com/sites/OSAM-neph-0698-audit-mdsap,500,JHuson@Validant.com,STS#0
OSAM-NEPH-1005-AUDIT-MDSAP,https://validanto365.sharepoint.com/sites/OSAM-NEPH-1005-AUDIT-MDSAP,https://validanto365.sharepoint.com/sites/OSAM-neph-1005-audit-mdsap,500,JHuson@Validant.com,STS#0
OSAM-NEPH-1343-AUDIT-MDSAP-1344-EUMDR,https://validanto365.sharepoint.com/sites/OSAM-NEPH-1343-AUDIT-MDSAP-1344-EUMDR,https://validanto365.sharepoint.com/sites/OSAM-neph-1343-audit-mdsap-1344-eumdr,500,JHuson@Validant.com,STS#0
OSAM-NEPH-1383-QMS-13485-QSR,https://validanto365.sharepoint.com/sites/OSAM-NEPH-1383-QMS-13485-QSR,https://validanto365.sharepoint.com/sites/OSAM-neph-1383-qms-13485-qsr,500,JHuson@Validant.com,STS#0
OSAM-NEUR-0974-510(K),https://validanto365.sharepoint.com/sites/OSAM-NEUR-0974-510(K),https://validanto365.sharepoint.com/sites/OSAM-neur-0974-510k,500,JHuson@Validant.com,STS#0
OSAM-NEUR-1191-EU-MDR-TRANSITION,https://validanto365.sharepoint.com/sites/OSAM-NEUR-1191-EU-MDR-TRANSITION,https://validanto365.sharepoint.com/sites/OSAM-neur-1191-eu-mdr-transition,500,JHuson@Validant.com,STS#0
OSAM-Newell Brands SGM,https://validanto365.sharepoint.com/sites/OSAM-Newell Brands SGM,https://validanto365.sharepoint.com/sites/OSAM-newellbrandssgm,500,JHuson@Validant.com,STS#0
OSAM-NEWY-1037-SOFTWARE_CON,https://validanto365.sharepoint.com/sites/OSAM-NEWY-1037-SOFTWARE_CON,https://validanto365.sharepoint.com/sites/OSAM-newy-1037-software_con,500,JHuson@Validant.com,STS#0
OSAM-Nongshim Green Belt Documents,https://validanto365.sharepoint.com/sites/OSAM-Nongshim Green Belt Documents,https://validanto365.sharepoint.com/sites/OSAM-nongshimgreenbeltdocuments,500,JHuson@Validant.com,STS#0
OSAM-Nongshim Training,https://validanto365.sharepoint.com/sites/OSAM-Nongshim Training,https://validanto365.sharepoint.com/sites/OSAM-nongshimtraining,500,JHuson@Validant.com,STS#0
OSAM-NOUS-1460-510(K),https://validanto365.sharepoint.com/sites/OSAM-NOUS-1460-510(K),https://validanto365.sharepoint.com/sites/OSAM-nous-1460-510k,500,JHuson@Validant.com,STS#0
OSAM-NOVA-1237-510(K),https://validanto365.sharepoint.com/sites/OSAM-NOVA-1237-510(K),https://validanto365.sharepoint.com/sites/OSAM-nova-1237-510k,500,JHuson@Validant.com,STS#0
OSAM-NPME-1320-STAFFAUG-RA-QA,https://validanto365.sharepoint.com/sites/OSAM-NPME-1320-STAFFAUG-RA-QA,https://validanto365.sharepoint.com/sites/OSAM-npme-1320-staffaug-ra-qa,500,JHuson@Validant.com,STS#0
OSAM-OASI-1566-AUDIT-MDSAP,https://validanto365.sharepoint.com/sites/OSAM-OASI-1566-AUDIT-MDSAP,https://validanto365.sharepoint.com/sites/OSAM-oasi-1566-audit-mdsap,500,JHuson@Validant.com,STS#0
OSAM-Offset x Opportunity,https://validanto365.sharepoint.com/sites/OSAM-Offset x Opportunity,https://validanto365.sharepoint.com/sites/OSAM-OffsetxOpportunity,500,JHuson@Validant.com,STS#0
OSAM-OH_OSM_DEVT_0047,https://validanto365.sharepoint.com/sites/OSAM-OH_OSM_DEVT_0047,https://validanto365.sharepoint.com/sites/OSAM-oh_osm_devt_0047,500,JHuson@Validant.com,STS#0
OSAM-ONS_DBF_GUA_1774_0674,https://validanto365.sharepoint.com/sites/OSAM-ONS_DBF_GUA_1774_0674,https://validanto365.sharepoint.com/sites/OSAM-ons_dbf_gua_1774_0674,500,JHuson@Validant.com,STS#0
OSAM-ONS_EMF_PHY_1511_0542,https://validanto365.sharepoint.com/sites/OSAM-ONS_EMF_PHY_1511_0542,https://validanto365.sharepoint.com/sites/OSAM-ons_emf_phy_1511_0542,500,JHuson@Validant.com,STS#0
OSAM-Oriel GRFFVIR07122021,https://validanto365.sharepoint.com/sites/OSAM-Oriel GRFFVIR07122021,https://validanto365.sharepoint.com/sites/OSAM-OrielGRFFVIR07122021,500,JHuson@Validant.com,STS#0
OSAM-Oriel STAT A MATRIX Communications,https://validanto365.sharepoint.com/sites/OSAM-Oriel STAT A MATRIX Communications,https://validanto365.sharepoint.com/sites/OSAM-OrielSTATAMATRIXCommunications,500,JHuson@Validant.com,STS#0
OSAM-Oriel STAT A MATRIX Intranet,https://validanto365.sharepoint.com/sites/OSAM-Oriel STAT A MATRIX Intranet,https://validanto365.sharepoint.com/sites/OSAM-Intranet,500,JHuson@Validant.com,STS#0
OSAM-Oriel STAT A MATRIX Intranet,https://validanto365.sharepoint.com/sites/OSAM-Oriel STAT A MATRIX Intranet,https://validanto365.sharepoint.com/sites/OSAM-orielstat.sharepoint.com,500,JHuson@Validant.com,STS#0
OSAM-Oriel STAT A MATRIX Root Cause Analysis License Files for Terumo,https://validanto365.sharepoint.com/sites/OSAM-Oriel STAT A MATRIX Root Cause Analysis License Files for Terumo,https://validanto365.sharepoint.com/sites/OSAM-OrielSTATAMATRIXRootCauseAnalysisLicenseFilesforTerumo,500,JHuson@Validant.com,STS#0
OSAM-Oriel STAT Employees,https://validanto365.sharepoint.com/sites/OSAM-Oriel STAT Employees,https://validanto365.sharepoint.com/sites/OSAM-orielstatemployees,500,JHuson@Validant.com,STS#0
OSAM-Oriel STAT Training,https://validanto365.sharepoint.com/sites/OSAM-Oriel STAT Training,https://validanto365.sharepoint.com/sites/OSAM-OrielSTATTraining,500,JHuson@Validant.com,STS#0
OSAM-ORTH-0401-QMS-13485-QSR,https://validanto365.sharepoint.com/sites/OSAM-ORTH-0401-QMS-13485-QSR,https://validanto365.sharepoint.com/sites/OSAM-orth-0401-qms-13485-qsr2,500,JHuson@Validant.com,STS#0
OSAM-ORTH-1433-INT AUDIT: 13485/62304,https://validanto365.sharepoint.com/sites/OSAM-ORTH-1433-INT AUDIT: 13485/62304,https://validanto365.sharepoint.com/sites/OSAM-orth-1433-intaudit1348562304,500,JHuson@Validant.com,STS#0
OSAM-ORTH-1601-INT AUDIT: 13485/62304,https://validanto365.sharepoint.com/sites/OSAM-ORTH-1601-INT AUDIT: 13485/62304,https://validanto365.sharepoint.com/sites/OSAM-orth-1601-intaudit1348562304,500,JHuson@Validant.com,STS#0
OSAM-OSAM Archive,https://validanto365.sharepoint.com/sites/OSAM-OSAM Archive,https://validanto365.sharepoint.com/sites/OSAM-osamarchive,500,JHuson@Validant.com,STS#0
OSAM-OSAM Regulatory,https://validanto365.sharepoint.com/sites/OSAM-OSAM Regulatory,https://validanto365.sharepoint.com/sites/OSAM-OSAMRegulatory,500,JHuson@Validant.com,STS#0
OSAM-OSAM_Accounting,https://validanto365.sharepoint.com/sites/OSAM-OSAM_Accounting,https://validanto365.sharepoint.com/sites/OSAM-OSAM_Accounting,500,JHuson@Validant.com,STS#0
OSAM-OSAM_DEnI,https://validanto365.sharepoint.com/sites/OSAM-OSAM_DEnI,https://validanto365.sharepoint.com/sites/OSAM-OSAM_DEnI,500,JHuson@Validant.com,STS#0
OSAM-OSAM_HR,https://validanto365.sharepoint.com/sites/OSAM-OSAM_HR,https://validanto365.sharepoint.com/sites/OSAM-OSAM_HR,500,JHuson@Validant.com,STS#0
OSAM-OSAM_Payroll,https://validanto365.sharepoint.com/sites/OSAM-OSAM_Payroll,https://validanto365.sharepoint.com/sites/OSAM-osam_payroll,500,JHuson@Validant.com,STS#0
OSAM-OUTS-1172-QMS-13485-QSR,https://validanto365.sharepoint.com/sites/OSAM-OUTS-1172-QMS-13485-QSR,https://validanto365.sharepoint.com/sites/OSAM-outs-1172-qms-13485-qsr,500,JHuson@Validant.com,STS#0
OSAM-PARA-0556-EU-MDR-TRANSITION,https://validanto365.sharepoint.com/sites/OSAM-PARA-0556-EU-MDR-TRANSITION,https://validanto365.sharepoint.com/sites/OSAM-para-0556-eu-mdr-transition,500,JHuson@Validant.com,STS#0
OSAM-PARA-0884-AXSESS-MDR,https://validanto365.sharepoint.com/sites/OSAM-PARA-0884-AXSESS-MDR,https://validanto365.sharepoint.com/sites/OSAM-para-0884-axsess-mdr,500,JHuson@Validant.com,STS#0
OSAM-PENU-1435-INT- HYB,https://validanto365.sharepoint.com/sites/OSAM-PENU-1435-INT- HYB,https://validanto365.sharepoint.com/sites/OSAM-penu-1435-int-hyb,500,JHuson@Validant.com,STS#0
OSAM-PERC-1175-EU-MDR-TRANSITION,https://validanto365.sharepoint.com/sites/OSAM-PERC-1175-EU-MDR-TRANSITION,https://validanto365.sharepoint.com/sites/OSAM-perc-1175-eu-mdr-transition,500,JHuson@Validant.com,STS#0
OSAM-PFIZ-0406-QMS-QSR,https://validanto365.sharepoint.com/sites/OSAM-PFIZ-0406-QMS-QSR,https://validanto365.sharepoint.com/sites/OSAM-pfiz-0406-qms-qsr,500,JHuson@Validant.com,STS#0
OSAM-PFIZ-0420-SUPPLIER-AUDIT-QSR-13485,https://validanto365.sharepoint.com/sites/OSAM-PFIZ-0420-SUPPLIER-AUDIT-QSR-13485,https://validanto365.sharepoint.com/sites/OSAM-pfiz-0420-supplier-audit-qsr-13485,500,JHuson@Validant.com,STS#0
OSAM-PFIZ-0587-EU-MDR-TRANSITION,https://validanto365.sharepoint.com/sites/OSAM-PFIZ-0587-EU-MDR-TRANSITION,https://validanto365.sharepoint.com/sites/OSAM-pfiz-0587-eu-mdr-transition,500,JHuson@Validant.com,STS#0
OSAM-PFIZ-0589-AUDIT-13485/QSR,https://validanto365.sharepoint.com/sites/OSAM-PFIZ-0589-AUDIT-13485/QSR,https://validanto365.sharepoint.com/sites/OSAM-pfiz-0589-audit-13485qsr,500,JHuson@Validant.com,STS#0
OSAM-PFIZ-0696-SUPPLIER-AUDIT-QSR-13485,https://validanto365.sharepoint.com/sites/OSAM-PFIZ-0696-SUPPLIER-AUDIT-QSR-13485,https://validanto365.sharepoint.com/sites/OSAM-pfiz-0696-supplier-audit-qsr-13485,500,JHuson@Validant.com,STS#0
OSAM-PFIZ-0756-EU-MDR-TRANSITION,https://validanto365.sharepoint.com/sites/OSAM-PFIZ-0756-EU-MDR-TRANSITION,https://validanto365.sharepoint.com/sites/OSAM-pfiz-0756-eu-mdr-transition,500,JHuson@Validant.com,STS#0
OSAM-PFIZ-1015-AUDIT-13485/QSR,https://validanto365.sharepoint.com/sites/OSAM-PFIZ-1015-AUDIT-13485/QSR,https://validanto365.sharepoint.com/sites/OSAM-pfiz-1015-audit-13485qsr,500,JHuson@Validant.com,STS#0
OSAM-Pharma 22,https://validanto365.sharepoint.com/sites/OSAM-Pharma 22,https://validanto365.sharepoint.com/sites/OSAM-Pharma22,500,JHuson@Validant.com,STS#0
OSAM-PhaseOrtho MDSAP Audit,https://validanto365.sharepoint.com/sites/OSAM-PhaseOrtho MDSAP Audit,https://validanto365.sharepoint.com/sites/OSAM-PhaseOrthoMDSAPAudit,500,JHuson@Validant.com,STS#0
OSAM-Philips North America,https://validanto365.sharepoint.com/sites/OSAM-Philips North America,https://validanto365.sharepoint.com/sites/OSAM-philipsnorthamerica,500,JHuson@Validant.com,STS#0
OSAM-Physio Control-AUDIT-13485/QSR-May2018-0213,https://validanto365.sharepoint.com/sites/OSAM-Physio Control-AUDIT-13485/QSR-May2018-0213,https://validanto365.sharepoint.com/sites/OSAM-physiocontrol-audit-13485qsr-may2018-0213,500,JHuson@Validant.com,STS#0
OSAM-POLL-1356-BASE-MDR,https://validanto365.sharepoint.com/sites/OSAM-POLL-1356-BASE-MDR,https://validanto365.sharepoint.com/sites/OSAM-poll-1356-base-mdr,500,JHuson@Validant.com,STS#0
OSAM-PORE-1089-US REG STRAT,https://validanto365.sharepoint.com/sites/OSAM-PORE-1089-US REG STRAT,https://validanto365.sharepoint.com/sites/OSAM-pore-1089-usregstrat,500,JHuson@Validant.com,STS#0
OSAM-Practice Planning,https://validanto365.sharepoint.com/sites/OSAM-Practice Planning,https://validanto365.sharepoint.com/sites/OSAM-PracticePlanning,500,JHuson@Validant.com,STS#0
OSAM-PREC-1251-BASE-MDR,https://validanto365.sharepoint.com/sites/OSAM-PREC-1251-BASE-MDR,https://validanto365.sharepoint.com/sites/OSAM-prec-1251-base-mdr,500,JHuson@Validant.com,STS#0
OSAM-PROJ-1076-DUE-DILIGENCE,https://validanto365.sharepoint.com/sites/OSAM-PROJ-1076-DUE-DILIGENCE,https://validanto365.sharepoint.com/sites/OSAM-proj-1076-due-diligence,500,JHuson@Validant.com,STS#0
OSAM-Project Web App,https://validanto365.sharepoint.com/sites/OSAM-Project Web App,https://validanto365.sharepoint.com/sites/OSAM-pwa,500,JHuson@Validant.com,STS#0
OSAM-PROS-0875-AUDIT-13485/QSR,https://validanto365.sharepoint.com/sites/OSAM-PROS-0875-AUDIT-13485/QSR,https://validanto365.sharepoint.com/sites/OSAM-pros-0875-audit-13485qsr,500,JHuson@Validant.com,STS#0
OSAM-PROS-1222-AUDIT-13485/QSR,https://validanto365.sharepoint.com/sites/OSAM-PROS-1222-AUDIT-13485/QSR,https://validanto365.sharepoint.com/sites/OSAM-pros-1222-audit-13485qsr,500,JHuson@Validant.com,STS#0
OSAM-QADV-1336-EUA,https://validanto365.sharepoint.com/sites/OSAM-QADV-1336-EUA,https://validanto365.sharepoint.com/sites/OSAM-qadv-1336-eua,500,JHuson@Validant.com,STS#0
OSAM-RCX Emodule,https://validanto365.sharepoint.com/sites/OSAM-RCX Emodule,https://validanto365.sharepoint.com/sites/OSAM-RCXEmodule,500,JHuson@Validant.com,STS#0
OSAM-Remote Audit Team,https://validanto365.sharepoint.com/sites/OSAM-Remote Audit Team,https://validanto365.sharepoint.com/sites/OSAM-RemoteAuditTeam,500,JHuson@Validant.com,STS#0
OSAM-RMF File Remediation,https://validanto365.sharepoint.com/sites/OSAM-RMF File Remediation,https://validanto365.sharepoint.com/sites/OSAM-rmffileremediation,500,JHuson@Validant.com,STS#0
OSAM-RMF- R3,https://validanto365.sharepoint.com/sites/OSAM-RMF- R3,https://validanto365.sharepoint.com/sites/OSAM-RMF-R3,500,JHuson@Validant.com,STS#0
OSAM-ROCHE-STAFFAUG-RA-QA-JAN2018-0105,https://validanto365.sharepoint.com/sites/OSAM-ROCHE-STAFFAUG-RA-QA-JAN2018-0105,https://validanto365.sharepoint.com/sites/OSAM-con-staffaug-ra-qa-roch-0105,500,JHuson@Validant.com,STS#0
OSAM-RUHO-0603-510K,https://validanto365.sharepoint.com/sites/OSAM-RUHO-0603-510K,https://validanto365.sharepoint.com/sites/OSAM-ruho-0603-510k,500,JHuson@Validant.com,STS#0
OSAM-RUHO-0652-510(K),https://validanto365.sharepoint.com/sites/OSAM-RUHO-0652-510(K),https://validanto365.sharepoint.com/sites/OSAM-ruho-0652-510k,500,JHuson@Validant.com,STS#0
OSAM-RUHO-0809-510(K),https://validanto365.sharepoint.com/sites/OSAM-RUHO-0809-510(K),https://validanto365.sharepoint.com/sites/OSAM-ruho-0809-510k,500,JHuson@Validant.com,STS#0
OSAM-RUHO-1185-EUA,https://validanto365.sharepoint.com/sites/OSAM-RUHO-1185-EUA,https://validanto365.sharepoint.com/sites/OSAM-ruho-1185-eua,500,JHuson@Validant.com,STS#0
OSAM-RUHO-1195-DENOVO,https://validanto365.sharepoint.com/sites/OSAM-RUHO-1195-DENOVO,https://validanto365.sharepoint.com/sites/OSAM-ruho-1195-denovo,500,JHuson@Validant.com,STS#0
OSAM-S2EQ-1453-FDAMOCKAUDIT,https://validanto365.sharepoint.com/sites/OSAM-S2EQ-1453-FDAMOCKAUDIT,https://validanto365.sharepoint.com/sites/OSAM-s2eq-1453-fdamockaudit,500,JHuson@Validant.com,STS#0
OSAM-SAFE-1429-IVDR-CON,https://validanto365.sharepoint.com/sites/OSAM-SAFE-1429-IVDR-CON,https://validanto365.sharepoint.com/sites/OSAM-safe-1429-ivdr-con,500,JHuson@Validant.com,STS#0
OSAM-SAGE-0627-INT-GMP210-211,https://validanto365.sharepoint.com/sites/OSAM-SAGE-0627-INT-GMP210-211,https://validanto365.sharepoint.com/sites/OSAM-sage-0627-int-gmp210-211,500,JHuson@Validant.com,STS#0
OSAM-SAGE-1116-INTERNAL - MDR + 13485 + QSR,https://validanto365.sharepoint.com/sites/OSAM-SAGE-1116-INTERNAL - MDR + 13485 + QSR,https://validanto365.sharepoint.com/sites/OSAM-sage-1116-internal-mdrmdsap,500,JHuson@Validant.com,STS#0
OSAM-SAGE-1346-AUDIT-PHARM,https://validanto365.sharepoint.com/sites/OSAM-SAGE-1346-AUDIT-PHARM,https://validanto365.sharepoint.com/sites/OSAM-sage-1346-audit-pharm,500,JHuson@Validant.com,STS#0
OSAM-Sales and Marketing,https://validanto365.sharepoint.com/sites/OSAM-Sales and Marketing,https://validanto365.sharepoint.com/sites/OSAM-SalesandMarketing,500,JHuson@Validant.com,STS#0
OSAM-Saluber- Multitask Projects,https://validanto365.sharepoint.com/sites/OSAM-Saluber- Multitask Projects,https://validanto365.sharepoint.com/sites/OSAM-saluber-multitaskprojects,500,JHuson@Validant.com,STS#0
OSAM-SALU-CON-510(K)-0019,https://validanto365.sharepoint.com/sites/OSAM-SALU-CON-510(K)-0019,https://validanto365.sharepoint.com/sites/OSAM-con-510k-salu-0019,500,JHuson@Validant.com,STS#0
OSAM-SALU-CON-BASELINE-13458-Nov.2018-0338,https://validanto365.sharepoint.com/sites/OSAM-SALU-CON-BASELINE-13458-Nov.2018-0338,https://validanto365.sharepoint.com/sites/OSAM-salu-con-baseline-13458-nov.2018-0338,500,JHuson@Validant.com,STS#0
OSAM-SALU-PE-GENCONS-May2018-0226,https://validanto365.sharepoint.com/sites/OSAM-SALU-PE-GENCONS-May2018-0226,https://validanto365.sharepoint.com/sites/OSAM-salu-pe-gencons-may2018-0226,500,JHuson@Validant.com,STS#0
OSAM-SCIE-CON-BASELINE-13458/QSR-AUG2018-0255,https://validanto365.sharepoint.com/sites/OSAM-SCIE-CON-BASELINE-13458/QSR-AUG2018-0255,https://validanto365.sharepoint.com/sites/OSAM-scie-con-baseline-13458qsr-aug2018-0255,500,JHuson@Validant.com,STS#0
OSAM-SCIENION-QMS-13485-0129,https://validanto365.sharepoint.com/sites/OSAM-SCIENION-QMS-13485-0129,https://validanto365.sharepoint.com/sites/OSAM-scienion-qms-13485-0129,500,JHuson@Validant.com,STS#0
OSAM-Screen Share Test Team,https://validanto365.sharepoint.com/sites/OSAM-Screen Share Test Team,https://validanto365.sharepoint.com/sites/OSAM-ScreenShareTestTeam,500,JHuson@Validant.com,STS#0
OSAM-SEEG-1072-BASE-IVDR,https://validanto365.sharepoint.com/sites/OSAM-SEEG-1072-BASE-IVDR,https://validanto365.sharepoint.com/sites/OSAM-seeg-1072-base-ivdr,500,JHuson@Validant.com,STS#0
OSAM-SHAP-1206-EU-MDR-TRANSITION,https://validanto365.sharepoint.com/sites/OSAM-SHAP-1206-EU-MDR-TRANSITION,https://validanto365.sharepoint.com/sites/OSAM-shap-1206-eu-mdr-transition,500,JHuson@Validant.com,STS#0
OSAM-SHOC-1232-QMS-14000,https://validanto365.sharepoint.com/sites/OSAM-SHOC-1232-QMS-14000,https://validanto365.sharepoint.com/sites/OSAM-shoc-1232-qms-14000,500,JHuson@Validant.com,STS#0
OSAM-SOPHiA Genetics Training,https://validanto365.sharepoint.com/sites/OSAM-SOPHiA Genetics Training,https://validanto365.sharepoint.com/sites/OSAM-sopiiageneticstraining,500,JHuson@Validant.com,STS#0
OSAM-Spacelabs-MOCK-MDSAP-NOV2017-0095,https://validanto365.sharepoint.com/sites/OSAM-Spacelabs-MOCK-MDSAP-NOV2017-0095,https://validanto365.sharepoint.com/sites/OSAM-spacelabs-mock-mdsap-nov2017-0095,500,JHuson@Validant.com,STS#0
OSAM-SSWH-1114-BASE-MDR,https://validanto365.sharepoint.com/sites/OSAM-SSWH-1114-BASE-MDR,https://validanto365.sharepoint.com/sites/OSAM-sswh-1114-base-mdr,500,JHuson@Validant.com,STS#0
OSAM-SSWH-1373-DOC-REM,https://validanto365.sharepoint.com/sites/OSAM-SSWH-1373-DOC-REM,https://validanto365.sharepoint.com/sites/OSAM-sswh-1373-doc-rem,500,JHuson@Validant.com,STS#0
OSAM-Stephanie and Heidi,https://validanto365.sharepoint.com/sites/OSAM-Stephanie and Heidi,https://validanto365.sharepoint.com/sites/OSAM-StephanieandHeidi,500,JHuson@Validant.com,STS#0
OSAM-STRY-0560-AUDIT-13485/QSR,https://validanto365.sharepoint.com/sites/OSAM-STRY-0560-AUDIT-13485/QSR,https://validanto365.sharepoint.com/sites/OSAM-stry-0560-audit-13485qsr,500,JHuson@Validant.com,STS#0
OSAM-SWAY-1454-AUDIT-13485/QSR,https://validanto365.sharepoint.com/sites/OSAM-SWAY-1454-AUDIT-13485/QSR,https://validanto365.sharepoint.com/sites/OSAM-sway-1454-audit-13485qsr,500,JHuson@Validant.com,STS#0
OSAM-Sydney Neuroimaging Analysis Centre,https://validanto365.sharepoint.com/sites/OSAM-Sydney Neuroimaging Analysis Centre,https://validanto365.sharepoint.com/sites/OSAM-sydneyneuroimaginganalysiscentre,500,JHuson@Validant.com,STS#0
OSAM-SYNA-0583-AXSESS-MDR,https://validanto365.sharepoint.com/sites/OSAM-SYNA-0583-AXSESS-MDR,https://validanto365.sharepoint.com/sites/OSAM-syna-0583-axsess-mdr,500,JHuson@Validant.com,STS#0
OSAM-SYNT-0790-510(K),https://validanto365.sharepoint.com/sites/OSAM-SYNT-0790-510(K),https://validanto365.sharepoint.com/sites/OSAM-synt-0790-510k,500,JHuson@Validant.com,STS#0
OSAM-SYNT-1147-QMS-13485-QSR,https://validanto365.sharepoint.com/sites/OSAM-SYNT-1147-QMS-13485-QSR,https://validanto365.sharepoint.com/sites/OSAM-synt-1147-qms-13485-qsr,500,JHuson@Validant.com,STS#0
OSAM-SYNT-1600-REGSTRAT-EU+US,https://validanto365.sharepoint.com/sites/OSAM-SYNT-1600-REGSTRAT-EU+US,https://validanto365.sharepoint.com/sites/OSAM-synt-1600-regstrat-euus,500,JHuson@Validant.com,STS#0
OSAM-Team JNJ,https://validanto365.sharepoint.com/sites/OSAM-Team JNJ,https://validanto365.sharepoint.com/sites/OSAM-TeamJNJ,500,JHuson@Validant.com,STS#0
OSAM-Tech Support,https://validanto365.sharepoint.com/sites/OSAM-Tech Support,https://validanto365.sharepoint.com/sites/OSAM-techsupport,500,JHuson@Validant.com,STS#0
OSAM-TECH-0845-QMS-13485-QSR,https://validanto365.sharepoint.com/sites/OSAM-TECH-0845-QMS-13485-QSR,https://validanto365.sharepoint.com/sites/OSAM-tech-0845-qms-13485-qsr,500,JHuson@Validant.com,STS#0
OSAM-Technical Team,https://validanto365.sharepoint.com/sites/OSAM-Technical Team,https://validanto365.sharepoint.com/sites/OSAM-technicalteam,500,JHuson@Validant.com,STS#0
OSAM-TempSite,https://validanto365.sharepoint.com/sites/OSAM-TempSite,https://validanto365.sharepoint.com/sites/OSAM-OSAM-OSAM-TestSite,500,JHuson@Validant.com,STS#0
OSAM-TERU-1030-AXSESS-MDR,https://validanto365.sharepoint.com/sites/OSAM-TERU-1030-AXSESS-MDR,https://validanto365.sharepoint.com/sites/OSAM-teru-1030-axsess-mdr,500,JHuson@Validant.com,STS#0
OSAM-TERU-1095-AXSESS-MDR,https://validanto365.sharepoint.com/sites/OSAM-TERU-1095-AXSESS-MDR,https://validanto365.sharepoint.com/sites/OSAM-teru-1095-axsess-mdr,500,JHuson@Validant.com,STS#0
OSAM-Terumo-MOCK-MDSAP-ISO9-Jan2018-0076,https://validanto365.sharepoint.com/sites/OSAM-Terumo-MOCK-MDSAP-ISO9-Jan2018-0076,https://validanto365.sharepoint.com/sites/OSAM-terumo-mock-mdsap-iso9-jan2018-0076,500,JHuson@Validant.com,STS#0
OSAM-Test Comms Team Comm Sharepoint Site,https://validanto365.sharepoint.com/sites/OSAM-Test Comms Team Comm Sharepoint Site,https://validanto365.sharepoint.com/sites/OSAM-TestCommsTeamCommSharepointSite,500,JHuson@Validant.com,STS#0
OSAM-Test plan,https://validanto365.sharepoint.com/sites/OSAM-Test plan,https://validanto365.sharepoint.com/sites/OSAM-Testplan,500,JHuson@Validant.com,STS#0
OSAM-TestPlan2,https://validanto365.sharepoint.com/sites/OSAM-TestPlan2,https://validanto365.sharepoint.com/sites/OSAM-TestPlan2,500,JHuson@Validant.com,STS#0
OSAM-TEYE-1093-EUA,https://validanto365.sharepoint.com/sites/OSAM-TEYE-1093-EUA,https://validanto365.sharepoint.com/sites/OSAM-teye-1093-eua,500,JHuson@Validant.com,STS#0
OSAM-THEC-1576-BASELINE-QSR,https://validanto365.sharepoint.com/sites/OSAM-THEC-1576-BASELINE-QSR,https://validanto365.sharepoint.com/sites/OSAM-thec-1576-baseline-qsr,500,JHuson@Validant.com,STS#0
OSAM-THER-1297-CEMARK,https://validanto365.sharepoint.com/sites/OSAM-THER-1297-CEMARK,https://validanto365.sharepoint.com/sites/OSAM-ther-1297-cemark,500,JHuson@Validant.com,STS#0
OSAM-TIDI-1371-AUDIT-13485/QSR,https://validanto365.sharepoint.com/sites/OSAM-TIDI-1371-AUDIT-13485/QSR,https://validanto365.sharepoint.com/sites/OSAM-tidi-1371-audit-13485qsr,500,JHuson@Validant.com,STS#0
OSAM-TISS-0479-AUDIT-MDSAP,https://validanto365.sharepoint.com/sites/OSAM-TISS-0479-AUDIT-MDSAP,https://validanto365.sharepoint.com/sites/OSAM-tiss-0479-audit-mdsap,500,JHuson@Validant.com,STS#0
OSAM-TISS-0602-SUPPLIER-AUDIT-QSR-13485,https://validanto365.sharepoint.com/sites/OSAM-TISS-0602-SUPPLIER-AUDIT-QSR-13485,https://validanto365.sharepoint.com/sites/OSAM-tiss-0602-supplier-audit-qsr-13485,500,JHuson@Validant.com,STS#0
OSAM-TISS-0709-SUPPLIER-AUDIT-PHARMA,https://validanto365.sharepoint.com/sites/OSAM-TISS-0709-SUPPLIER-AUDIT-PHARMA,https://validanto365.sharepoint.com/sites/OSAM-tiss-0709-supplier-audit-pharma,500,JHuson@Validant.com,STS#0
OSAM-TORA-1273-INTERNAL-MDR,https://validanto365.sharepoint.com/sites/OSAM-TORA-1273-INTERNAL-MDR,https://validanto365.sharepoint.com/sites/OSAM-tora-1273-internal-mdr,500,JHuson@Validant.com,STS#0
OSAM-Training and Marketing Comms,https://validanto365.sharepoint.com/sites/OSAM-Training and Marketing Comms,https://validanto365.sharepoint.com/sites/OSAM-TrainingandMarketingComms,500,JHuson@Validant.com,STS#0
OSAM-Training Unit,https://validanto365.sharepoint.com/sites/OSAM-Training Unit,https://validanto365.sharepoint.com/sites/OSAM-trainingunit2,500,JHuson@Validant.com,STS#0
OSAM-Training Unit,https://validanto365.sharepoint.com/sites/OSAM-Training Unit,https://validanto365.sharepoint.com/sites/OSAM-trainingunit97,500,JHuson@Validant.com,STS#0
OSAM-Training Unit Tools,https://validanto365.sharepoint.com/sites/OSAM-Training Unit Tools,https://validanto365.sharepoint.com/sites/OSAM-TrainingUnitTools,500,JHuson@Validant.com,STS#0
OSAM-Transition/Remediation Services Alignment Team,https://validanto365.sharepoint.com/sites/OSAM-Transition/Remediation Services Alignment Team,https://validanto365.sharepoint.com/sites/OSAM-TransitionRemediationServicesAlignmentTeam,500,JHuson@Validant.com,STS#0
OSAM-TTT,https://validanto365.sharepoint.com/sites/OSAM-TTT,https://validanto365.sharepoint.com/sites/OSAM-TTT,500,JHuson@Validant.com,STS#0
OSAM-TU Team,https://validanto365.sharepoint.com/sites/OSAM-TU Team,https://validanto365.sharepoint.com/sites/OSAM-TUTeam,500,JHuson@Validant.com,STS#0
OSAM-TURN-0624-BASE-MDR,https://validanto365.sharepoint.com/sites/OSAM-TURN-0624-BASE-MDR,https://validanto365.sharepoint.com/sites/OSAM-turn-0624-base-mdr,500,JHuson@Validant.com,STS#0
OSAM-TWIS-0783-BASE-IVDR,https://validanto365.sharepoint.com/sites/OSAM-TWIS-0783-BASE-IVDR,https://validanto365.sharepoint.com/sites/OSAM-twis-0783-base-ivdr,500,JHuson@Validant.com,STS#0
OSAM-TWIS-1527-IVDR-CON,https://validanto365.sharepoint.com/sites/OSAM-TWIS-1527-IVDR-CON,https://validanto365.sharepoint.com/sites/OSAM-twis-1527-ivdr-con,500,JHuson@Validant.com,STS#0
OSAM-Ultralife-MOCK-ISO13485_9001-JAN2018-0087,https://validanto365.sharepoint.com/sites/OSAM-Ultralife-MOCK-ISO13485_9001-JAN2018-0087,https://validanto365.sharepoint.com/sites/OSAM-ultralife-mock-iso13485_9001-jan2018-0087,500,JHuson@Validant.com,STS#0
OSAM-UMG/-0415-RA/QACONSULT,https://validanto365.sharepoint.com/sites/OSAM-UMG/-0415-RA/QACONSULT,https://validanto365.sharepoint.com/sites/OSAM-umg-0415-raqaconsult,500,JHuson@Validant.com,STS#0
OSAM-UMG-0441-BASELINE-MDSAP,https://validanto365.sharepoint.com/sites/OSAM-UMG-0441-BASELINE-MDSAP,https://validanto365.sharepoint.com/sites/OSAM-umg-0441-baseline-mdsap,500,JHuson@Validant.com,STS#0
OSAM-UNIV-1161-BASE-IVDR,https://validanto365.sharepoint.com/sites/OSAM-UNIV-1161-BASE-IVDR,https://validanto365.sharepoint.com/sites/OSAM-univ-1161-base-ivdr,500,JHuson@Validant.com,STS#0
OSAM-UNIV-1377-CEMARK,https://validanto365.sharepoint.com/sites/OSAM-UNIV-1377-CEMARK,https://validanto365.sharepoint.com/sites/OSAM-univ-1377-cemark,500,JHuson@Validant.com,STS#0
OSAM-URES-0659-PREAXX - MDR + MDSAP,https://validanto365.sharepoint.com/sites/OSAM-URES-0659-PREAXX - MDR + MDSAP,https://validanto365.sharepoint.com/sites/OSAM-ures-0659-preaxx-mdrmdsap,500,JHuson@Validant.com,STS#0
OSAM-URES-1004-QMS-13485,https://validanto365.sharepoint.com/sites/OSAM-URES-1004-QMS-13485,https://validanto365.sharepoint.com/sites/OSAM-ures-1004-qms-13485,500,JHuson@Validant.com,STS#0
OSAM-URES-1163-AXSESS-MDR,https://validanto365.sharepoint.com/sites/OSAM-URES-1163-AXSESS-MDR,https://validanto365.sharepoint.com/sites/OSAM-ures-1163-axsess-mdr,500,JHuson@Validant.com,STS#0
OSAM-URES-1582-INT- HYB,https://validanto365.sharepoint.com/sites/OSAM-URES-1582-INT- HYB,https://validanto365.sharepoint.com/sites/OSAM-ures-1582-int-hyb,500,JHuson@Validant.com,STS#0
OSAM-URES-CON-AUDIT-MDSAP-APR2019-0346,https://validanto365.sharepoint.com/sites/OSAM-URES-CON-AUDIT-MDSAP-APR2019-0346,https://validanto365.sharepoint.com/sites/OSAM-ures-con-audit-mdsap-apr2019-0346,500,JHuson@Validant.com,STS#0
OSAM-URES-CON-AUDIT-MDSAP-MARCH2019-0346,https://validanto365.sharepoint.com/sites/OSAM-URES-CON-AUDIT-MDSAP-MARCH2019-0346,https://validanto365.sharepoint.com/sites/OSAM-ures-con-audit-mdsap-march2019-0346,500,JHuson@Validant.com,STS#0
OSAM-UTAK-0968-BASE-IVDR,https://validanto365.sharepoint.com/sites/OSAM-UTAK-0968-BASE-IVDR,https://validanto365.sharepoint.com/sites/OSAM-utak-0968-base-ivdr,500,JHuson@Validant.com,STS#0
OSAM-Validant-OSAM Info Sharing,https://validanto365.sharepoint.com/sites/OSAM-Validant-OSAM Info Sharing,https://validanto365.sharepoint.com/sites/OSAM-Validant-OSAMInfoSharing,500,JHuson@Validant.com,STS#0
OSAM-VAPO-0628-INTERNAL-MDR,https://validanto365.sharepoint.com/sites/OSAM-VAPO-0628-INTERNAL-MDR,https://validanto365.sharepoint.com/sites/OSAM-vapo-0628-internal-mdr,500,JHuson@Validant.com,STS#0
OSAM-VAPO-1225-INTERNAL-MDR,https://validanto365.sharepoint.com/sites/OSAM-VAPO-1225-INTERNAL-MDR,https://validanto365.sharepoint.com/sites/OSAM-vapo-1225-internal-mdr,500,JHuson@Validant.com,STS#0
OSAM-VAPO-1500-AUDIT-MDSAP,https://validanto365.sharepoint.com/sites/OSAM-VAPO-1500-AUDIT-MDSAP,https://validanto365.sharepoint.com/sites/OSAM-vapo-1500-audit-mdsap,500,JHuson@Validant.com,STS#0
OSAM-VAPO-CON-BASE-MDR-APR2019-0324,https://validanto365.sharepoint.com/sites/OSAM-VAPO-CON-BASE-MDR-APR2019-0324,https://validanto365.sharepoint.com/sites/OSAM-vapo-con-base-mdr-apr2019-0324,500,JHuson@Validant.com,STS#0
OSAM-VEEP TEAM,https://validanto365.sharepoint.com/sites/OSAM-VEEP TEAM,https://validanto365.sharepoint.com/sites/OSAM-VEEPTEAM,500,JHuson@Validant.com,STS#0
OSAM-VENU-1376-EU-MDR-TRANSITION,https://validanto365.sharepoint.com/sites/OSAM-VENU-1376-EU-MDR-TRANSITION,https://validanto365.sharepoint.com/sites/OSAM-venu-1376-eu-mdr-transition,500,JHuson@Validant.com,STS#0
OSAM-VICT-1151-AUDIT-ISO9001,https://validanto365.sharepoint.com/sites/OSAM-VICT-1151-AUDIT-ISO9001,https://validanto365.sharepoint.com/sites/OSAM-vict-1151-audit-iso9001,500,JHuson@Validant.com,STS#0
OSAM-VILT Class Files,https://validanto365.sharepoint.com/sites/OSAM-VILT Class Files,https://validanto365.sharepoint.com/sites/OSAM-viltclassfiles,500,JHuson@Validant.com,STS#0
OSAM-VILT Conversion Team,https://validanto365.sharepoint.com/sites/OSAM-VILT Conversion Team,https://validanto365.sharepoint.com/sites/OSAM-VILTConversionTeam,500,JHuson@Validant.com,STS#0
OSAM-WRIG-1230-INTERNAL-MDR,https://validanto365.sharepoint.com/sites/OSAM-WRIG-1230-INTERNAL-MDR,https://validanto365.sharepoint.com/sites/OSAM-wrig-1230-internal-mdr,500,JHuson@Validant.com,STS#0
OSAM-WRME-1490-BASE-MDR,https://validanto365.sharepoint.com/sites/OSAM-WRME-1490-BASE-MDR,https://validanto365.sharepoint.com/sites/OSAM-wrme-1490-base-mdr,500,JHuson@Validant.com,STS#0
OSAM-XENO-0646-BASE-MDR,https://validanto365.sharepoint.com/sites/OSAM-XENO-0646-BASE-MDR,https://validanto365.sharepoint.com/sites/OSAM-xeno-0646-base-mdr,500,JHuson@Validant.com,STS#0
OSAM-ZAP Surgical EU MDR Internal Audit,https://validanto365.sharepoint.com/sites/OSAM-ZAP Surgical EU MDR Internal Audit,https://validanto365.sharepoint.com/sites/OSAM-ZAPSurgicalEUMDRInternalAudit,500,JHuson@Validant.com,STS#0
OSAM-ZAPS-0811-AUDIT-13485/QSR,https://validanto365.sharepoint.com/sites/OSAM-ZAPS-0811-AUDIT-13485/QSR,https://validanto365.sharepoint.com/sites/OSAM-zaps-0811-audit-13485qsr,500,JHuson@Validant.com,STS#0
OSAM-ZAPS-1587-INT- HYB,https://validanto365.sharepoint.com/sites/OSAM-ZAPS-1587-INT- HYB,https://validanto365.sharepoint.com/sites/OSAM-zaps-1587-int-hyb,500,JHuson@Validant.com,STS#0
