"NewName","SiteUrl","StorageQuota","SiteOwner","SiteTemplate","GroupName"
"1- Consultant Group Template","https://validanto365.sharepoint.com/sites/OSAM-consultantgrouptemplate","500","Jhuson@validant.com","sts#3","OSAM-consultantgrouptemplate"
"12Sigma_Deliverables","https://validanto365.sharepoint.com/sites/OSAM-12sigma_deliverables","500","Jhuson@validant.com","sts#3","OSAM-12sigma_deliverables"
"3MHE-1368-QMS-13485-QSR","https://validanto365.sharepoint.com/sites/OSAM-3mhe-1368-qms-13485-qsr","500","Jhuson@validant.com","sts#3","OSAM-3mhe-1368-qms-13485-qsr"
"ABBO-1228-SOFTWARE_CON","https://validanto365.sharepoint.com/sites/OSAM-abbo-1228-software_con","500","Jhuson@validant.com","sts#3","OSAM-abbo-1228-software_con"
"Abbott Diabetes Care","https://validanto365.sharepoint.com/sites/OSAM-abbottdiabetescare","500","Jhuson@validant.com","sts#3","OSAM-abbottdiabetescare"
"ABCA-1207-BASE-IVDR","https://validanto365.sharepoint.com/sites/OSAM-abca-1207-base-ivdr","500","Jhuson@validant.com","sts#3","OSAM-abca-1207-base-ivdr"
"ABIO-1427-AXSESS-MDR","https://validanto365.sharepoint.com/sites/OSAM-abio-1427-axsess-mdr","500","Jhuson@validant.com","sts#3","OSAM-abio-1427-axsess-mdr"
"ABRE-1287-EUA","https://validanto365.sharepoint.com/sites/OSAM-abre-1287-eua","500","Jhuson@validant.com","sts#3","OSAM-abre-1287-eua"
"Accelerate Legal Request","https://validanto365.sharepoint.com/sites/OSAM-AccelerateLegalRequest","500","Jhuson@validant.com","sts#3","OSAM-AccelerateLegalRequest"
"ADBI-1070-QMS-QSR","https://validanto365.sharepoint.com/sites/OSAM-adbi-1070-qms-qsr","500","Jhuson@validant.com","sts#3","OSAM-adbi-1070-qms-qsr"
"ADVA-0724-AXSESS-MDR","https://validanto365.sharepoint.com/sites/OSAM-adva-0724-axsess-mdr","500","Jhuson@validant.com","sts#3","OSAM-adva-0724-axsess-mdr"
"ADVA-1350-INTERNAL - MDR + MDSAP","https://validanto365.sharepoint.com/sites/OSAM-adva-1350-internal-mdrmdsap","500","Jhuson@validant.com","sts#3","OSAM-adva-1350-internal-mdrmdsap"
"ADVA-1382-EU-MDR-TRANSITION","https://validanto365.sharepoint.com/sites/OSAM-adva-1382-eu-mdr-transition","500","Jhuson@validant.com","sts#3","OSAM-adva-1382-eu-mdr-transition"
"ADVA-1452-INTERNAL - MDR + MDSAP","https://validanto365.sharepoint.com/sites/OSAM-adva-1452-internal-mdrmdsap","500","Jhuson@validant.com","sts#3","OSAM-adva-1452-internal-mdrmdsap"
"ADVA-1544-INTERNAL - MDR + MDSAP","https://validanto365.sharepoint.com/sites/OSAM-adva-1544-internal-mdrmdsap","500","Jhuson@validant.com","sts#3","OSAM-adva-1544-internal-mdrmdsap"
"AMAZ-1074-NPSW-VALIDATION","https://validanto365.sharepoint.com/sites/OSAM-amaz-1074-npsw-validation","500","Jhuson@validant.com","sts#3","OSAM-amaz-1074-npsw-validation"
"AMER-0802-QMS-QSR","https://validanto365.sharepoint.com/sites/OSAM-amer-0802-qms-qsr","500","Jhuson@validant.com","sts#3","OSAM-amer-0802-qms-qsr"
"AMER-1468-STAFFAUG-RA-QA","https://validanto365.sharepoint.com/sites/OSAM-amer-1468-staffaug-ra-qa","500","Jhuson@validant.com","sts#3","OSAM-amer-1468-staffaug-ra-qa"
"Amy's Tasks","https://validanto365.sharepoint.com/sites/OSAM-AmysTasks","500","Jhuson@validant.com","sts#3","OSAM-AmysTasks"
"Amy's Test Kitchen","https://validanto365.sharepoint.com/sites/OSAM-AmysTestKitchen","500","Jhuson@validant.com","sts#3","OSAM-AmysTestKitchen"
"ANGE-1071-EU-MDR-TRANSITION","https://validanto365.sharepoint.com/sites/OSAM-ange-1071-eu-mdr-transition","500","Jhuson@validant.com","sts#3","OSAM-ange-1071-eu-mdr-transition"
"ANGE-1201-QMS-13485-QSR","https://validanto365.sharepoint.com/sites/OSAM-ange-1201-qms-13485-qsr","500","Jhuson@validant.com","sts#3","OSAM-ange-1201-qms-13485-qsr"
"ANGE-1281-DOC-REM","https://validanto365.sharepoint.com/sites/OSAM-ange-1281-doc-rem","500","Jhuson@validant.com","sts#3","OSAM-ange-1281-doc-rem"
"ANGE-1370-DOC-REM","https://validanto365.sharepoint.com/sites/OSAM-ange-1370-doc-rem","500","Jhuson@validant.com","sts#3","OSAM-ange-1370-doc-rem"
"Apps","https://validanto365.sharepoint.com/sites/OSAM-appcatalog","500","Jhuson@validant.com","sts#3","OSAM-appcatalog"
"BALC-1321-AUDIT-13485","https://validanto365.sharepoint.com/sites/OSAM-balc-1321-audit-13485","500","Jhuson@validant.com","sts#3","OSAM-balc-1321-audit-13485"
"BAYE-0653-MOCK-MDSAP","https://validanto365.sharepoint.com/sites/OSAM-baye-0653-mock-mdsap","500","Jhuson@validant.com","sts#3","OSAM-baye-0653-mock-mdsap"
"BAYE-0937-AUDIT-MDSAP-EUMDR","https://validanto365.sharepoint.com/sites/OSAM-baye-0937-audit-mdsap","500","Jhuson@validant.com","sts#3","OSAM-baye-0937-audit-mdsap"
"BAYE-1155-INTERNAL-MDR","https://validanto365.sharepoint.com/sites/OSAM-baye-1155-internal-mdr","500","Jhuson@validant.com","sts#3","OSAM-baye-1155-internal-mdr"
"BAYE-1518-INT- HYB","https://validanto365.sharepoint.com/sites/OSAM-baye-1518-int-hyb","500","Jhuson@validant.com","sts#3","OSAM-baye-1518-int-hyb"
"BAYE-1549-INT- HYB","https://validanto365.sharepoint.com/sites/OSAM-baye-1549-int-hyb","500","Jhuson@validant.com","sts#3","OSAM-baye-1549-int-hyb"
"BAYE-1553-INTERNAL-62304","https://validanto365.sharepoint.com/sites/OSAM-baye-1553-internal-62304","500","Jhuson@validant.com","sts#3","OSAM-baye-1553-internal-62304"
"BAYE-CON-AXSESS-MDR-MARCH2019-0383","https://validanto365.sharepoint.com/sites/OSAM-baye-con-axsess-mdr-march2019-0383","500","Jhuson@validant.com","sts#3","OSAM-baye-con-axsess-mdr-march2019-0383"
"BBBI-1259-EUA","https://validanto365.sharepoint.com/sites/OSAM-bbbi-1259-eua","500","Jhuson@validant.com","sts#3","OSAM-bbbi-1259-eua"
"BEMI-0545-510(K)","https://validanto365.sharepoint.com/sites/OSAM-bemi-0545-510k","500","Jhuson@validant.com","sts#3","OSAM-bemi-0545-510k"
"BIOH-0929-CEMARK","https://validanto365.sharepoint.com/sites/OSAM-bioh-0929-cemark","500","Jhuson@validant.com","sts#3","OSAM-bioh-0929-cemark"
"BIOH-1164-AXSESS-MDR","https://validanto365.sharepoint.com/sites/OSAM-bioh-1164-axsess-mdr","500","Jhuson@validant.com","sts#3","OSAM-bioh-1164-axsess-mdr"
"BIOL-1546-EU-MDR-TRANSITION","https://validanto365.sharepoint.com/sites/OSAM-biol-1546-eu-mdr-transition","500","Jhuson@validant.com","sts#3","OSAM-biol-1546-eu-mdr-transition"
"BIOR-1215-AUDIT-MDSAP","https://validanto365.sharepoint.com/sites/OSAM-bior-1215-audit-mdsap","500","Jhuson@validant.com","sts#3","OSAM-bior-1215-audit-mdsap"
"BIOS-1265-BASE-IVDR","https://validanto365.sharepoint.com/sites/OSAM-bios-1265-base-ivdr","500","Jhuson@validant.com","sts#3","OSAM-bios-1265-base-ivdr"
"BMS Management","https://validanto365.sharepoint.com/sites/OSAM-BMSManagement","500","Jhuson@validant.com","sts#3","OSAM-BMSManagement"
"Bobby's Working Documents","https://validanto365.sharepoint.com/sites/OSAM-BobbysWorkingDocuments","500","Jhuson@validant.com","sts#3","OSAM-BobbysWorkingDocuments"
"BOST-1424-STAFFAUG-RA-QA","https://validanto365.sharepoint.com/sites/OSAM-bost-1424-staffaug-ra-qa","500","Jhuson@validant.com","sts#3","OSAM-bost-1424-staffaug-ra-qa"
"BOST-1602-SOFTWARE_CON","https://validanto365.sharepoint.com/sites/OSAM-bost-1602-software_con","500","Jhuson@validant.com","sts#3","OSAM-bost-1602-software_con"
"BSCI Superheroes","https://validanto365.sharepoint.com/sites/OSAM-BSCISuperheroes","500","Jhuson@validant.com","sts#3","OSAM-BSCISuperheroes"
"CAPA","https://validanto365.sharepoint.com/sites/OSAM-CAPA","500","Jhuson@validant.com","sts#3","OSAM-CAPA"
"CAPT-1087-AUDIT-QSR","https://validanto365.sharepoint.com/sites/OSAM-capt-1087-audit-qsr","500","Jhuson@validant.com","sts#3","OSAM-capt-1087-audit-qsr"
"CAPT-1568-AUDIT-QSR","https://validanto365.sharepoint.com/sites/OSAM-capt-1568-audit-qsr","500","Jhuson@validant.com","sts#3","OSAM-capt-1568-audit-qsr"
"Catalog","https://validanto365.sharepoint.com/sites/OSAM-Catalog","500","Jhuson@validant.com","sts#3","OSAM-Catalog"
"CERNER-CON-MOCK-MDSAP-JAN2018-0103","https://validanto365.sharepoint.com/sites/OSAM-cerner-con-mock-mdsap-jan2018-0103","500","Jhuson@validant.com","sts#3","OSAM-cerner-con-mock-mdsap-jan2018-0103"
"Charter Medical EU MDR Project","https://validanto365.sharepoint.com/sites/OSAM-CharterMedicalEUMDRProject","500","Jhuson@validant.com","sts#3","OSAM-CharterMedicalEUMDRProject"
"Chemence Medical Scoping","https://validanto365.sharepoint.com/sites/OSAM-chemencemedicalscoping","500","Jhuson@validant.com","sts#3","OSAM-chemencemedicalscoping"
"CHUR-1019-CEMARK","https://validanto365.sharepoint.com/sites/OSAM-chur-1019-cemark","500","Jhuson@validant.com","sts#3","OSAM-chur-1019-cemark"
"CHUR-1300-DOC-REM","https://validanto365.sharepoint.com/sites/OSAM-chur-1300-doc-rem","500","Jhuson@validant.com","sts#3","OSAM-chur-1300-doc-rem"
"CHUR-1357-DOC-REM","https://validanto365.sharepoint.com/sites/OSAM-chur-1357-doc-rem","500","Jhuson@validant.com","sts#3","OSAM-chur-1357-doc-rem"
"CHUR-1358-DOC-REM","https://validanto365.sharepoint.com/sites/OSAM-chur-1358-doc-rem","500","Jhuson@validant.com","sts#3","OSAM-chur-1358-doc-rem"
"CHUR-1530-QMS-HARMONIZATION","https://validanto365.sharepoint.com/sites/OSAM-chur-1530-qms-harmonization","500","Jhuson@validant.com","sts#3","OSAM-chur-1530-qms-harmonization"
"CHUR-1612-REGSTRAT-EU+US","https://validanto365.sharepoint.com/sites/OSAM-chur-1612-regstrat-euus","500","Jhuson@validant.com","sts#3","OSAM-chur-1612-regstrat-euus"
"COLL-1402-AUDIT-MDSAP","https://validanto365.sharepoint.com/sites/OSAM-coll-1402-audit-mdsap","500","Jhuson@validant.com","sts#3","OSAM-coll-1402-audit-mdsap"
"Communications Team Chat","https://validanto365.sharepoint.com/sites/OSAM-CommunicationsTeamChat","500","Jhuson@validant.com","sts#3","OSAM-CommunicationsTeamChat"
"CON-510(K)-OPTO-0047","https://validanto365.sharepoint.com/sites/OSAM-con-510k-opto-0047","500","Jhuson@validant.com","sts#3","OSAM-con-510k-opto-0047"
"CON-510(K)-SNOO-0022","https://validanto365.sharepoint.com/sites/OSAM-con-510k-snoo-0022","500","Jhuson@validant.com","sts#3","OSAM-con-510k-snoo-0022"
"CON-ASSESS13458-SPAC-0007","https://validanto365.sharepoint.com/sites/OSAM-con-assess13458-spac-0007","500","Jhuson@validant.com","sts#3","OSAM-con-assess13458-spac-0007"
"CON-AUDIT-13485/QSR-PHYS-0011","https://validanto365.sharepoint.com/sites/OSAM-con-audit-13485qsr-phys-0011","500","Jhuson@validant.com","sts#3","OSAM-con-audit-13485qsr-phys-0011"
"CON-AUDIT-QSR-PHYS-0048","https://validanto365.sharepoint.com/sites/OSAM-con-audit-qsr-phys-0048","500","Jhuson@validant.com","sts#3","OSAM-con-audit-qsr-phys-0048"
"CON-BASELINE-13458/QSR-JENX-0043","https://validanto365.sharepoint.com/sites/OSAM-con-baseline-13458qsr-jenx-0043","500","Jhuson@validant.com","sts#3","OSAM-con-baseline-13458qsr-jenx-0043"
"CON-DMAIC-OCTA-0031","https://validanto365.sharepoint.com/sites/OSAM-octaq02-2017dmaicconsulting","500","Jhuson@validant.com","sts#3","OSAM-octaq02-2017dmaicconsulting"
"CON-FDA483-ADBI-0015","https://validanto365.sharepoint.com/sites/OSAM-adb","500","Jhuson@validant.com","sts#3","OSAM-adb"
"CON-RA/QACONSULT-12SI-0013","https://validanto365.sharepoint.com/sites/OSAM-con-raqaconsult-12si-0013","500","Jhuson@validant.com","sts#3","OSAM-con-raqaconsult-12si-0013"
"CON-RA/QACONSULT-CIVC-0075","https://validanto365.sharepoint.com/sites/OSAM-con-raqaconsult-civc-0075","500","Jhuson@validant.com","sts#3","OSAM-con-raqaconsult-civc-0075"
"CON-RA/QACONSULT-PHYS-0010","https://validanto365.sharepoint.com/sites/OSAM-con-raqaconsult-phys-0010","500","Jhuson@validant.com","sts#3","OSAM-con-raqaconsult-phys-0010"
"CON-RA/QACONSULT-TISS-0005","https://validanto365.sharepoint.com/sites/OSAM-con-raqaconsult-tiss-0005","500","Jhuson@validant.com","sts#3","OSAM-con-raqaconsult-tiss-0005"
"CON-STRAT-GLOBAL-ADBI-0029","https://validanto365.sharepoint.com/sites/OSAM-con-strat-global-adbi-0029","500","Jhuson@validant.com","sts#3","OSAM-con-strat-global-adbi-0029"
"Consulting Project Management","https://validanto365.sharepoint.com/sites/OSAM-ConsultingProjectManagement","500","Jhuson@validant.com","sts#3","OSAM-ConsultingProjectManagement"
"CON-SUPPLIERAUDIT-CORN-0083","https://validanto365.sharepoint.com/sites/OSAM-con-supplieraudit-corn-0083","500","Jhuson@validant.com","sts#3","OSAM-con-supplieraudit-corn-0083"
"ConvaTec-Green Belt Projects-Deeside","https://validanto365.sharepoint.com/sites/OSAM-convatec-greenbeltprojects-deeside","500","Jhuson@validant.com","sts#3","OSAM-convatec-greenbeltprojects-deeside"
"ConvaTec-Green Belt Projects-Haina","https://validanto365.sharepoint.com/sites/OSAM-convatec-greenbeltprojects-haina","500","Jhuson@validant.com","sts#3","OSAM-convatec-greenbeltprojects-haina"
"ConvaTec-Green Belt Projects-North Carolina","https://validanto365.sharepoint.com/sites/OSAM-convatec-greenbeltprojects-northcarolina","500","Jhuson@validant.com","sts#3","OSAM-convatec-greenbeltprojects-northcarolina"
"COOK-0869-AXSESS-MDR","https://validanto365.sharepoint.com/sites/OSAM-cook-0869-axsess-mdr","500","Jhuson@validant.com","sts#3","OSAM-cook-0869-axsess-mdr"
"COOP-0591-EU-MDR-TRANSITION","https://validanto365.sharepoint.com/sites/OSAM-coop-0591-eu-mdr-transition","500","Jhuson@validant.com","sts#3","OSAM-coop-0591-eu-mdr-transition"
"COOP-0607-STAFFAUG-RA-QA","https://validanto365.sharepoint.com/sites/OSAM-coop-0607-staffaug-ra-qa","500","Jhuson@validant.com","sts#3","OSAM-coop-0607-staffaug-ra-qa"
"COOP-0945-PRODUCT SUBMISSIONS: JPN","https://validanto365.sharepoint.com/sites/OSAM-coop-0945-productsubmissionsjpn","500","Jhuson@validant.com","sts#3","OSAM-coop-0945-productsubmissionsjpn"
"COOP-1047-SOFTWARE_CON","https://validanto365.sharepoint.com/sites/OSAM-coop-1047-software_con","500","Jhuson@validant.com","sts#3","OSAM-coop-1047-software_con"
"COOP-1133-NPSW-VALIDATION","https://validanto365.sharepoint.com/sites/OSAM-coop-1133-npsw-validation","500","Jhuson@validant.com","sts#3","OSAM-coop-1133-npsw-validation"
"COOP-1176-AXSESS-MDR","https://validanto365.sharepoint.com/sites/OSAM-coop-1176-axsess-mdr","500","Jhuson@validant.com","sts#3","OSAM-coop-1176-axsess-mdr"
"COOP-1181-EU-MDR-TRANSITION","https://validanto365.sharepoint.com/sites/OSAM-coop-1181-eu-mdr-transition","500","Jhuson@validant.com","sts#3","OSAM-coop-1181-eu-mdr-transition"
"COOP-1193-STAFFAUG-RA-QA","https://validanto365.sharepoint.com/sites/OSAM-coop-1193-staffaug-ra-qa","500","Jhuson@validant.com","sts#3","OSAM-coop-1193-staffaug-ra-qa"
"Cooper Surgical 2021","https://validanto365.sharepoint.com/sites/OSAM-coopersurgical2021","500","Jhuson@validant.com","sts#3","OSAM-coopersurgical2021"
"Cooper Surgical Hold File","https://validanto365.sharepoint.com/sites/OSAM-coopersurgicalholdfile","500","Jhuson@validant.com","sts#3","OSAM-coopersurgicalholdfile"
"Cooper Surgical Product Remediation COOP-0645-CEMARK","https://validanto365.sharepoint.com/sites/OSAM-coopersurgicalproductremediationcoop-0645-cemark","500","Jhuson@validant.com","sts#3","OSAM-coopersurgicalproductremediationcoop-0645-cemark"
"CooperSurgical","https://validanto365.sharepoint.com/sites/OSAM-coopersurgical","500","Jhuson@validant.com","sts#3","OSAM-coopersurgical"
"CooperSurgical-QMS","https://validanto365.sharepoint.com/sites/OSAM-coopersurgical-qms","500","Jhuson@validant.com","sts#3","OSAM-coopersurgical-qms"
"COVID-19 TEAM 1 (VIRTUAL TRAINING)","https://validanto365.sharepoint.com/sites/OSAM-COVID-19TEAM1VIRTUALTRAINING","500","Jhuson@validant.com","sts#3","OSAM-COVID-19TEAM1VIRTUALTRAINING"
"CRES-1210-QMS-ISO9","https://validanto365.sharepoint.com/sites/OSAM-cres-1210-qms-iso9","500","Jhuson@validant.com","sts#3","OSAM-cres-1210-qms-iso9"
"CRM Internal Project","https://validanto365.sharepoint.com/sites/OSAM-crminternalproject","500","Jhuson@validant.com","sts#3","OSAM-crminternalproject"
"CRS Course Development","https://validanto365.sharepoint.com/sites/OSAM-crscoursedevelopment","500","Jhuson@validant.com","sts#3","OSAM-crscoursedevelopment"
"Current Projects","https://validanto365.sharepoint.com/sites/OSAM-CurrentProjects","500","Jhuson@validant.com","sts#3","OSAM-CurrentProjects"
"Custom Courses","https://validanto365.sharepoint.com/sites/OSAM-CustomCourses","500","Jhuson@validant.com","sts#3","OSAM-CustomCourses"
"DEandI","https://validanto365.sharepoint.com/sites/OSAM-deandi","500","Jhuson@validant.com","sts#3","OSAM-deandi"
"DEEP-0965-BASELINE-13485","https://validanto365.sharepoint.com/sites/OSAM-deep-0965-baseline-13485","500","Jhuson@validant.com","sts#3","OSAM-deep-0965-baseline-13485"
"DEnI","https://validanto365.sharepoint.com/sites/OSAM-DEnI","500","Jhuson@validant.com","sts#3","OSAM-DEnI"
"Draeger Medical -MOCK-MDSAP-APR2018-0108","https://validanto365.sharepoint.com/sites/OSAM-draegermedical-mock-mdsap-apr2018-0108","500","Jhuson@validant.com","sts#3","OSAM-draegermedical-mock-mdsap-apr2018-0108"
"DUKA-1505-EU-MDR-TRANSITION","https://validanto365.sharepoint.com/sites/OSAM-duka-1505-eu-mdr-transition","500","Jhuson@validant.com","sts#3","OSAM-duka-1505-eu-mdr-transition"
"ECLI-0950-STAFFAUG-RA-QA","https://validanto365.sharepoint.com/sites/OSAM-ecli-0950-staffaug-ra-qa","500","Jhuson@validant.com","sts#3","OSAM-ecli-0950-staffaug-ra-qa"
"eCW pre-engagement info","https://validanto365.sharepoint.com/sites/OSAM-eCWpre-engagementinfo","500","Jhuson@validant.com","sts#3","OSAM-eCWpre-engagementinfo"
"EITA-1276-AXSESS-MDR","https://validanto365.sharepoint.com/sites/OSAM-eita-1276-axsess-mdr","500","Jhuson@validant.com","sts#3","OSAM-eita-1276-axsess-mdr"
"eLearning Team","https://validanto365.sharepoint.com/sites/OSAM-eLearningTeam","500","Jhuson@validant.com","sts#3","OSAM-eLearningTeam"
"ELEV-0777-BASELINE-13485","https://validanto365.sharepoint.com/sites/OSAM-elev-0777-baseline-13485","500","Jhuson@validant.com","sts#3","OSAM-elev-0777-baseline-13485"
"ELEV-0777-BASELINE-13485-NEW","https://validanto365.sharepoint.com/sites/OSAM-elev-0777-baseline-13485-new","500","Jhuson@validant.com","sts#3","OSAM-elev-0777-baseline-13485-new"
"EMF update","https://validanto365.sharepoint.com/sites/OSAM-EMFupdate","500","Jhuson@validant.com","sts#3","OSAM-EMFupdate"
"EMF-VILT EU MDR Implementation Training","https://validanto365.sharepoint.com/sites/OSAM-EMF-VILTEUMDRImplementationTraining","500","Jhuson@validant.com","sts#3","OSAM-EMF-VILTEUMDRImplementationTraining"
"ERCH-0493-AXSESS-MDR","https://validanto365.sharepoint.com/sites/OSAM-erch-0493-axsess-mdr","500","Jhuson@validant.com","sts#3","OSAM-erch-0493-axsess-mdr"
"ERCH-0578-BASE-MDR","https://validanto365.sharepoint.com/sites/OSAM-erch-0578-base-mdr","500","Jhuson@validant.com","sts#3","OSAM-erch-0578-base-mdr"
"ETHI-0681-AXSESS-MDR","https://validanto365.sharepoint.com/sites/OSAM-ethi-0681-axsess-mdr","500","Jhuson@validant.com","sts#3","OSAM-ethi-0681-axsess-mdr"
"ETHI-1393-INTERNAL-MDR","https://validanto365.sharepoint.com/sites/OSAM-ethi-1393-internal-mdr","500","Jhuson@validant.com","sts#3","OSAM-ethi-1393-internal-mdr"
"EU MDR Auditor Qualification","https://validanto365.sharepoint.com/sites/OSAM-eumdrauditorqualification","500","Jhuson@validant.com","sts#3","OSAM-eumdrauditorqualification"
"EU MDR Modules","https://validanto365.sharepoint.com/sites/OSAM-EUMDRModules","500","Jhuson@validant.com","sts#3","OSAM-EUMDRModules"
"EYEQ-1381-QMS-13485-QSR","https://validanto365.sharepoint.com/sites/OSAM-eyeq-1381-qms-13485-qsr","500","Jhuson@validant.com","sts#3","OSAM-eyeq-1381-qms-13485-qsr"
"FACI-0817-EUA","https://validanto365.sharepoint.com/sites/OSAM-faci-0817-eua","500","Jhuson@validant.com","sts#3","OSAM-faci-0817-eua"
"Feedback","https://validanto365.sharepoint.com/sites/OSAM-Feedback","500","Jhuson@validant.com","sts#3","OSAM-Feedback"
"Flowmet-AUDIT-13485-9001-APR2018-0193","https://validanto365.sharepoint.com/sites/OSAM-flowmet-audit-13485-9001-apr2018-0193","500","Jhuson@validant.com","sts#3","OSAM-flowmet-audit-13485-9001-apr2018-0193"
"FUJIREBIO-MOCK-MDSAP-JAN2018-0119","https://validanto365.sharepoint.com/sites/OSAM-fuji-mock-mdsap-jan2018-0119","500","Jhuson@validant.com","sts#3","OSAM-fuji-mock-mdsap-jan2018-0119"
"Gasco Team","https://validanto365.sharepoint.com/sites/OSAM-gascoteam","500","Jhuson@validant.com","sts#3","OSAM-gascoteam"
"GB Minitab Update","https://validanto365.sharepoint.com/sites/OSAM-GBMinitabUpdate","500","Jhuson@validant.com","sts#3","OSAM-GBMinitabUpdate"
"GENE-0466-510(K)","https://validanto365.sharepoint.com/sites/OSAM-gene-0466-510k","500","Jhuson@validant.com","sts#3","OSAM-gene-0466-510k"
"GENE-1340-MOCK-MDSAP","https://validanto365.sharepoint.com/sites/OSAM-gene-1340-mock-mdsap","500","Jhuson@validant.com","sts#3","OSAM-gene-1340-mock-mdsap"
"Genomic Health","https://validanto365.sharepoint.com/sites/OSAM-genomichealth","500","Jhuson@validant.com","sts#3","OSAM-genomichealth"
"Getinge-PMA-VILT-Session","https://validanto365.sharepoint.com/sites/OSAM-getinge-pma-vilt-session","500","Jhuson@validant.com","sts#3","OSAM-getinge-pma-vilt-session"
"GLOB-0935-US REG STRAT","https://validanto365.sharepoint.com/sites/OSAM-glob-0935-usregstrat","500","Jhuson@validant.com","sts#3","OSAM-glob-0935-usregstrat"
"GLWM-1298-FDAMOCKAUDIT","https://validanto365.sharepoint.com/sites/OSAM-glwm-1298-fdamockaudit","500","Jhuson@validant.com","sts#3","OSAM-glwm-1298-fdamockaudit"
"GRAI-1555-PREASS-IVDR","https://validanto365.sharepoint.com/sites/OSAM-grai-1555-preass-ivdr","500","Jhuson@validant.com","sts#3","OSAM-grai-1555-preass-ivdr"
"Green Belt Files for Newell Brands License 2021","https://validanto365.sharepoint.com/sites/OSAM-NewellBrandsGBLicense2021","500","Jhuson@validant.com","sts#3","OSAM-NewellBrandsGBLicense2021"
"GSKC-0686-BASELINE-MDSAP","https://validanto365.sharepoint.com/sites/OSAM-gskc-0686-baseline-mdsap","500","Jhuson@validant.com","sts#3","OSAM-gskc-0686-baseline-mdsap"
"HENG-1542-REGSTRAT-EU+US","https://validanto365.sharepoint.com/sites/OSAM-heng-1542-regstrat-euus","500","Jhuson@validant.com","sts#3","OSAM-heng-1542-regstrat-euus"
"HRT-CON-REG-STRAT-Aug 2018-0259 & QSR-Oct-0281","https://validanto365.sharepoint.com/sites/OSAM-hrt-con-reg-strat-global-aug2018-0259","500","Jhuson@validant.com","sts#3","OSAM-hrt-con-reg-strat-global-aug2018-0259"
"IDET-1392-US REG STRAT","https://validanto365.sharepoint.com/sites/OSAM-idet-1392-usregstrat","500","Jhuson@validant.com","sts#3","OSAM-idet-1392-usregstrat"
"IMAG-0964-FDAMOCKAUDIT","https://validanto365.sharepoint.com/sites/OSAM-imag-0964-fdamockaudit","500","Jhuson@validant.com","sts#3","OSAM-imag-0964-fdamockaudit"
"INFL-1056-QMS-QSR","https://validanto365.sharepoint.com/sites/OSAM-infl-1056-qms-qsr","500","Jhuson@validant.com","sts#3","OSAM-infl-1056-qms-qsr"
"INFU-0738-BASE-MDR","https://validanto365.sharepoint.com/sites/OSAM-infu-0738-base-mdr","500","Jhuson@validant.com","sts#3","OSAM-infu-0738-base-mdr"
"INNA-1307-US REG STRAT","https://validanto365.sharepoint.com/sites/OSAM-inna-1307-usregstrat","500","Jhuson@validant.com","sts#3","OSAM-inna-1307-usregstrat"
"Inputs","https://validanto365.sharepoint.com/sites/OSAM-Inputs","500","Jhuson@validant.com","sts#3","OSAM-Inputs"
"Inputs to Training Materials","https://validanto365.sharepoint.com/sites/OSAM-InputstoTrainingMaterials","500","Jhuson@validant.com","sts#3","OSAM-InputstoTrainingMaterials"
"INST-1150-REGSTRAT-EU+US","https://validanto365.sharepoint.com/sites/OSAM-inst-1150-regstrat-euus","500","Jhuson@validant.com","sts#3","OSAM-inst-1150-regstrat-euus"
"INST-1292-US REG STRAT","https://validanto365.sharepoint.com/sites/OSAM-inst-1292-usregstrat","500","Jhuson@validant.com","sts#3","OSAM-inst-1292-usregstrat"
"Instructor Training Materials","https://validanto365.sharepoint.com/sites/OSAM-Instructor_Files","500","Jhuson@validant.com","sts#3","OSAM-Instructor_Files"
"INTE-0728-INT- HYB","https://validanto365.sharepoint.com/sites/OSAM-inte-0728-int-hyb","500","Jhuson@validant.com","sts#3","OSAM-inte-0728-int-hyb"
"Internal Audit","https://validanto365.sharepoint.com/sites/OSAM-InternalAudit","500","Jhuson@validant.com","sts#3","OSAM-InternalAudit"
"INTERNAL TRAINING","https://validanto365.sharepoint.com/sites/OSAM-internaltraining","500","Jhuson@validant.com","sts#3","OSAM-internaltraining"
"INTU-1203-AUDIT-14000","https://validanto365.sharepoint.com/sites/OSAM-intu-1203-audit-14000","500","Jhuson@validant.com","sts#3","OSAM-intu-1203-audit-14000"
"INVI-1268-IVDR-CON","https://validanto365.sharepoint.com/sites/OSAM-invi-1268-ivdr-con","500","Jhuson@validant.com","sts#3","OSAM-invi-1268-ivdr-con"
"IOPI-0987-AUDIT-13485/QSR","https://validanto365.sharepoint.com/sites/OSAM-iopi-0987-audit-13485qsr","500","Jhuson@validant.com","sts#3","OSAM-iopi-0987-audit-13485qsr"
"IOPI-1464-AUDIT-13485/QSR","https://validanto365.sharepoint.com/sites/OSAM-iopi-1464-audit-13485qsr","500","Jhuson@validant.com","sts#3","OSAM-iopi-1464-audit-13485qsr"
"IOQ Crew","https://validanto365.sharepoint.com/sites/OSAM-IOQCrew","500","Jhuson@validant.com","sts#3","OSAM-IOQCrew"
"IRHY-1061-MOCK-MDSAP","https://validanto365.sharepoint.com/sites/OSAM-irhy-1061-mock-mdsap","500","Jhuson@validant.com","sts#3","OSAM-irhy-1061-mock-mdsap"
"IRHY-1476-INT- HYB","https://validanto365.sharepoint.com/sites/OSAM-irhy-1476-int-hyb","500","Jhuson@validant.com","sts#3","OSAM-irhy-1476-int-hyb"
"IT Admin","https://validanto365.sharepoint.com/sites/OSAM-ITAdmin","500","Jhuson@validant.com","sts#3","OSAM-ITAdmin"
"ITWM-1284-CEMARK","https://validanto365.sharepoint.com/sites/OSAM-itwm-1284-cemark","500","Jhuson@validant.com","sts#3","OSAM-itwm-1284-cemark"
"IVOC-1211-INT- HYB","https://validanto365.sharepoint.com/sites/OSAM-ivoc-1211-int-hyb","500","Jhuson@validant.com","sts#3","OSAM-ivoc-1211-int-hyb"
"JAME-0942-US REG STRAT","https://validanto365.sharepoint.com/sites/OSAM-jame-0942-usregstrat","500","Jhuson@validant.com","sts#3","OSAM-jame-0942-usregstrat"
"JOER-0455-BASE-MDR","https://validanto365.sharepoint.com/sites/OSAM-joer-0455-base-mdr","500","Jhuson@validant.com","sts#3","OSAM-joer-0455-base-mdr"
"JOHN-0625-EU-MDR-TRANSITION","https://validanto365.sharepoint.com/sites/OSAM-john-0625-eu-mdr-transition","500","Jhuson@validant.com","sts#3","OSAM-john-0625-eu-mdr-transition"
"JOHN-0899-QMS-QSR","https://validanto365.sharepoint.com/sites/OSAM-john-0899-qms-qsr","500","Jhuson@validant.com","sts#3","OSAM-john-0899-qms-qsr"
"Johnson and Johnson","https://validanto365.sharepoint.com/sites/OSAM-johnsonandjohnson","500","Jhuson@validant.com","sts#3","OSAM-johnsonandjohnson"
"JUBI-0740-BASE-MDR","https://validanto365.sharepoint.com/sites/OSAM-jubi-0740-base-mdr","500","Jhuson@validant.com","sts#3","OSAM-jubi-0740-base-mdr"
"Jubilant EU MDR Transition Project OSAM Peeps","https://validanto365.sharepoint.com/sites/OSAM-JubilantEUMDRTransitionProjectOSAMPeeps","500","Jhuson@validant.com","sts#3","OSAM-JubilantEUMDRTransitionProjectOSAMPeeps"
"Just me","https://validanto365.sharepoint.com/sites/OSAM-Justme","500","Jhuson@validant.com","sts#3","OSAM-Justme"
"KB Project Planner","https://validanto365.sharepoint.com/sites/OSAM-KBProjectPlanner","500","Jhuson@validant.com","sts#3","OSAM-KBProjectPlanner"
"KING-1517-US REG STRAT","https://validanto365.sharepoint.com/sites/OSAM-king-1517-usregstrat","500","Jhuson@validant.com","sts#3","OSAM-king-1517-usregstrat"
"KLS-MOCK-MDSAP-DEC2017-0079","https://validanto365.sharepoint.com/sites/OSAM-kls-mock-mdsap-dec2017-0079","500","Jhuson@validant.com","sts#3","OSAM-kls-mock-mdsap-dec2017-0079"
"KORU Medical Systems Internal Audit - Nov 2021","https://validanto365.sharepoint.com/sites/OSAM-KORUMedicalSystemsInternalAudit-Nov2021","500","Jhuson@validant.com","sts#3","OSAM-KORUMedicalSystemsInternalAudit-Nov2021"
"KORU-0711-AUDIT-MDSAP","https://validanto365.sharepoint.com/sites/OSAM-koru-0711-audit-mdsap","500","Jhuson@validant.com","sts#3","OSAM-koru-0711-audit-mdsap"
"KORU-1399-BASE-MDR","https://validanto365.sharepoint.com/sites/OSAM-koru-1399-base-mdr","500","Jhuson@validant.com","sts#3","OSAM-koru-1399-base-mdr"
"KORU-1511-INT- HYB","https://validanto365.sharepoint.com/sites/OSAM-koru-1511-int-hyb","500","Jhuson@validant.com","sts#3","OSAM-koru-1511-int-hyb"
"KORU-1556-DOC-REM","https://validanto365.sharepoint.com/sites/OSAM-koru-1556-doc-rem","500","Jhuson@validant.com","sts#3","OSAM-koru-1556-doc-rem"
"KOVEN-ASSESS-QSR-13485-NOV2017-0100","https://validanto365.sharepoint.com/sites/OSAM-koven-assess-qsr-13485-nov2017-0100","500","Jhuson@validant.com","sts#3","OSAM-koven-assess-qsr-13485-nov2017-0100"
"KTHE-0663-QMS-13485-QSR","https://validanto365.sharepoint.com/sites/OSAM-kthe-0663-qms-13485-qsr","500","Jhuson@validant.com","sts#3","OSAM-kthe-0663-qms-13485-qsr"
"LACR-0785-AUDIT-13485/QSR","https://validanto365.sharepoint.com/sites/OSAM-lacr-0785-audit-13485qsr","500","Jhuson@validant.com","sts#3","OSAM-lacr-0785-audit-13485qsr"
"LACR-1042-BASE-MDR","https://validanto365.sharepoint.com/sites/OSAM-lacr-1042-base-mdr","500","Jhuson@validant.com","sts#3","OSAM-lacr-1042-base-mdr"
"LACR-1288-AUDIT-13485/QSR","https://validanto365.sharepoint.com/sites/OSAM-lacr-1288-audit-13485qsr","500","Jhuson@validant.com","sts#3","OSAM-lacr-1288-audit-13485qsr"
"LeadershipTeam","https://validanto365.sharepoint.com/sites/OSAM-LeadershipTeam","500","Jhuson@validant.com","sts#3","OSAM-LeadershipTeam"
"Libby Farrelly PM","https://validanto365.sharepoint.com/sites/OSAM-LibbyFarrellyPM","500","Jhuson@validant.com","sts#3","OSAM-LibbyFarrellyPM"
"Lo que sea","https://validanto365.sharepoint.com/sites/OSAM-Loquesea","500","Jhuson@validant.com","sts#3","OSAM-Loquesea"
"LUME-0514-BASE-MDR","https://validanto365.sharepoint.com/sites/OSAM-lume-eu-mdr-transition-jan2019-0315","500","Jhuson@validant.com","sts#3","OSAM-lume-eu-mdr-transition-jan2019-0315"
"LUME-0725-FDA-INSPECTION READINESS","https://validanto365.sharepoint.com/sites/OSAM-lume-0725-fda-inspectionreadiness","500","Jhuson@validant.com","sts#3","OSAM-lume-0725-fda-inspectionreadiness"
"LUME-1041-DOC-REM","https://validanto365.sharepoint.com/sites/OSAM-lume-1041-doc-rem","500","Jhuson@validant.com","sts#3","OSAM-lume-1041-doc-rem"
"LUME-1481-SUPPLIER-AUDIT-13485","https://validanto365.sharepoint.com/sites/OSAM-lume-1481-supplier-audit-13485","500","Jhuson@validant.com","sts#3","OSAM-lume-1481-supplier-audit-13485"
"LUME-1596-SUPPLIER-AUDIT-QSR-13485","https://validanto365.sharepoint.com/sites/OSAM-lume-1596-supplier-audit-qsr-13485","500","Jhuson@validant.com","sts#3","OSAM-lume-1596-supplier-audit-qsr-13485"
"LUPI-1415-CEMARK","https://validanto365.sharepoint.com/sites/OSAM-lupi-1415-cemark","500","Jhuson@validant.com","sts#3","OSAM-lupi-1415-cemark"
"LUTO-CON-QMS-13485-QSR-Aug 2018-0271","https://validanto365.sharepoint.com/sites/OSAM-luto-con-qms-13485-qsr-aug2018-0271","500","Jhuson@validant.com","sts#3","OSAM-luto-con-qms-13485-qsr-aug2018-0271"
"Lynch","https://validanto365.sharepoint.com/sites/OSAM-Lynch","500","Jhuson@validant.com","sts#3","OSAM-Lynch"
"MALL-0977-AXSESS-MDR","https://validanto365.sharepoint.com/sites/OSAM-mall-0977-axsess-mdr","500","Jhuson@validant.com","sts#3","OSAM-mall-0977-axsess-mdr"
"Marash Family Docs","https://validanto365.sharepoint.com/sites/OSAM-MarashFamilyDocs","500","Jhuson@validant.com","sts#3","OSAM-MarashFamilyDocs"
"MART-0876-510(K)","https://validanto365.sharepoint.com/sites/OSAM-mart-0876-510k","500","Jhuson@validant.com","sts#3","OSAM-mart-0876-510k"
"MART-1021-QMS-QSR","https://validanto365.sharepoint.com/sites/OSAM-mart-1021-qms-qsr","500","Jhuson@validant.com","sts#3","OSAM-mart-1021-qms-qsr"
"MART-1487-QMS-QSR","https://validanto365.sharepoint.com/sites/OSAM-mart-1487-qms-qsr","500","Jhuson@validant.com","sts#3","OSAM-mart-1487-qms-qsr"
"MATT-1057-FDARECALL","https://validanto365.sharepoint.com/sites/OSAM-matt-1057-fdarecall","500","Jhuson@validant.com","sts#3","OSAM-matt-1057-fdarecall"
"MDSAP MidMark","https://validanto365.sharepoint.com/sites/OSAM-mdsapmidmark","500","Jhuson@validant.com","sts#3","OSAM-mdsapmidmark"
"MEDC-0621-EU-MDR-TRANSITION","https://validanto365.sharepoint.com/sites/OSAM-medc-0621-eu-mdr-transition","500","Jhuson@validant.com","sts#3","OSAM-medc-0621-eu-mdr-transition"
"MEDC-0746-QMS-QSR","https://validanto365.sharepoint.com/sites/OSAM-medc-0746-qms-qsr","500","Jhuson@validant.com","sts#3","OSAM-medc-0746-qms-qsr"
"MEDC-1040-AXSESS-MDR","https://validanto365.sharepoint.com/sites/OSAM-medc-1040-axsess-mdr","500","Jhuson@validant.com","sts#3","OSAM-medc-1040-axsess-mdr"
"MEDC-1279-STAFFAUG-RA-QA","https://validanto365.sharepoint.com/sites/OSAM-medc-1279-staffaug-ra-qa","500","Jhuson@validant.com","sts#3","OSAM-medc-1279-staffaug-ra-qa"
"MEDI-1412-AUDIT-13485/QSR","https://validanto365.sharepoint.com/sites/OSAM-medi-1412-audit-13485qsr","500","Jhuson@validant.com","sts#3","OSAM-medi-1412-audit-13485qsr"
"MEDIFLEX-MOCK-NOV2018-0080","https://validanto365.sharepoint.com/sites/OSAM-mediflex-mock-nov2018-0080","500","Jhuson@validant.com","sts#3","OSAM-mediflex-mock-nov2018-0080"
"MEDT-1293-SOFTWARE_CON","https://validanto365.sharepoint.com/sites/OSAM-medt-1293-software_con","500","Jhuson@validant.com","sts#3","OSAM-medt-1293-software_con"
"MEDT-1401-EU-MDR-TRANSITION","https://validanto365.sharepoint.com/sites/OSAM-medt-1401-eu-mdr-transition","500","Jhuson@validant.com","sts#3","OSAM-medt-1401-eu-mdr-transition"
"MEDT-1461-AUDIT-13485/QSR","https://validanto365.sharepoint.com/sites/OSAM-medt-1461-audit-13485qsr","500","Jhuson@validant.com","sts#3","OSAM-medt-1461-audit-13485qsr"
"MEDT-1467-AUDIT-13485/QSR","https://validanto365.sharepoint.com/sites/OSAM-medt-1467-audit-13485qsr","500","Jhuson@validant.com","sts#3","OSAM-medt-1467-audit-13485qsr"
"MEDT-1523-AUDIT-MDSAP","https://validanto365.sharepoint.com/sites/OSAM-medt-1523-audit-mdsap","500","Jhuson@validant.com","sts#3","OSAM-medt-1523-audit-mdsap"
"MEDT-1570-INTERNAL-MDR","https://validanto365.sharepoint.com/sites/OSAM-medt-1570-internal-mdr","500","Jhuson@validant.com","sts#3","OSAM-medt-1570-internal-mdr"
"MEDT-1580-INT- HYB","https://validanto365.sharepoint.com/sites/OSAM-medt-1580-int-hyb","500","Jhuson@validant.com","sts#3","OSAM-medt-1580-int-hyb"
"MEDT-1583-INT- HYB","https://validanto365.sharepoint.com/sites/OSAM-medt-1583-int-hyb","500","Jhuson@validant.com","sts#3","OSAM-medt-1583-int-hyb"
"MEDT-1611-FDAMOCKAUDIT","https://validanto365.sharepoint.com/sites/OSAM-medt-1611-fdamockaudit","500","Jhuson@validant.com","sts#3","OSAM-medt-1611-fdamockaudit"
"Medtech Insight","https://validanto365.sharepoint.com/sites/OSAM-MedtechInsight","500","Jhuson@validant.com","sts#3","OSAM-MedtechInsight"
"Medtech Insight Weekly Issue","https://validanto365.sharepoint.com/sites/OSAM-MedtechInsightWeeklyIssue","500","Jhuson@validant.com","sts#3","OSAM-MedtechInsightWeeklyIssue"
"Medtech Insight Weekly Issues","https://validanto365.sharepoint.com/sites/OSAM-MedtechInsightWeeklyIssues2","500","Jhuson@validant.com","sts#3","OSAM-MedtechInsightWeeklyIssues2"
"Merck Design Control Training","https://validanto365.sharepoint.com/sites/OSAM-merckdesigncontroltraining","500","Jhuson@validant.com","sts#3","OSAM-merckdesigncontroltraining"
"MICR-1053-INTERNAL-MDR","https://validanto365.sharepoint.com/sites/OSAM-micr-1053-internal-mdr","500","Jhuson@validant.com","sts#3","OSAM-micr-1053-internal-mdr"
"MICR-1303-US REG STRAT","https://validanto365.sharepoint.com/sites/OSAM-micr-1303-usregstrat","500","Jhuson@validant.com","sts#3","OSAM-micr-1303-usregstrat"
"MOLG-1434-ASSESS-QSR-13485","https://validanto365.sharepoint.com/sites/OSAM-molg-1434-assess-qsr-13485","500","Jhuson@validant.com","sts#3","OSAM-molg-1434-assess-qsr-13485"
"MPBI-1255-EUA","https://validanto365.sharepoint.com/sites/OSAM-mpbi-1255-eua","500","Jhuson@validant.com","sts#3","OSAM-mpbi-1255-eua"
"NELA-1031-PMA","https://validanto365.sharepoint.com/sites/OSAM-nela-1031-pma","500","Jhuson@validant.com","sts#3","OSAM-nela-1031-pma"
"NEOC-0946-AUDIT-13485/QSR","https://validanto365.sharepoint.com/sites/OSAM-neoc-0946-audit-13485qsr","500","Jhuson@validant.com","sts#3","OSAM-neoc-0946-audit-13485qsr"
"NEOC-1398-AUDIT-13485/QSR","https://validanto365.sharepoint.com/sites/OSAM-neoc-1398-audit-13485qsr","500","Jhuson@validant.com","sts#3","OSAM-neoc-1398-audit-13485qsr"
"NEPH-0444-RA/QACONSULT","https://validanto365.sharepoint.com/sites/OSAM-neph-0444-raqaconsult","500","Jhuson@validant.com","sts#3","OSAM-neph-0444-raqaconsult"
"NEPH-0633-BASELINE-MDSAP","https://validanto365.sharepoint.com/sites/OSAM-neph-0633-baseline-mdsap","500","Jhuson@validant.com","sts#3","OSAM-neph-0633-baseline-mdsap"
"NEPH-0698-AUDIT-MDSAP","https://validanto365.sharepoint.com/sites/OSAM-neph-0698-audit-mdsap","500","Jhuson@validant.com","sts#3","OSAM-neph-0698-audit-mdsap"
"NEPH-1005-AUDIT-MDSAP","https://validanto365.sharepoint.com/sites/OSAM-neph-1005-audit-mdsap","500","Jhuson@validant.com","sts#3","OSAM-neph-1005-audit-mdsap"
"NEPH-1343-AUDIT-MDSAP-1344-EUMDR","https://validanto365.sharepoint.com/sites/OSAM-neph-1343-audit-mdsap-1344-eumdr","500","Jhuson@validant.com","sts#3","OSAM-neph-1343-audit-mdsap-1344-eumdr"
"NEPH-1383-QMS-13485-QSR","https://validanto365.sharepoint.com/sites/OSAM-neph-1383-qms-13485-qsr","500","Jhuson@validant.com","sts#3","OSAM-neph-1383-qms-13485-qsr"
"NEUR-0974-510(K)","https://validanto365.sharepoint.com/sites/OSAM-neur-0974-510k","500","Jhuson@validant.com","sts#3","OSAM-neur-0974-510k"
"NEUR-1191-EU-MDR-TRANSITION","https://validanto365.sharepoint.com/sites/OSAM-neur-1191-eu-mdr-transition","500","Jhuson@validant.com","sts#3","OSAM-neur-1191-eu-mdr-transition"
"Newell Brands SGM","https://validanto365.sharepoint.com/sites/OSAM-newellbrandssgm","500","Jhuson@validant.com","sts#3","OSAM-newellbrandssgm"
"NEWY-1037-SOFTWARE_CON","https://validanto365.sharepoint.com/sites/OSAM-newy-1037-software_con","500","Jhuson@validant.com","sts#3","OSAM-newy-1037-software_con"
"Nongshim Green Belt Documents","https://validanto365.sharepoint.com/sites/OSAM-nongshimgreenbeltdocuments","500","Jhuson@validant.com","sts#3","OSAM-nongshimgreenbeltdocuments"
"Nongshim Training","https://validanto365.sharepoint.com/sites/OSAM-nongshimtraining","500","Jhuson@validant.com","sts#3","OSAM-nongshimtraining"
"NOUS-1460-510(K)","https://validanto365.sharepoint.com/sites/OSAM-nous-1460-510k","500","Jhuson@validant.com","sts#3","OSAM-nous-1460-510k"
"NOVA-1237-510(K)","https://validanto365.sharepoint.com/sites/OSAM-nova-1237-510k","500","Jhuson@validant.com","sts#3","OSAM-nova-1237-510k"
"NPME-1320-STAFFAUG-RA-QA","https://validanto365.sharepoint.com/sites/OSAM-npme-1320-staffaug-ra-qa","500","Jhuson@validant.com","sts#3","OSAM-npme-1320-staffaug-ra-qa"
"OASI-1566-AUDIT-MDSAP","https://validanto365.sharepoint.com/sites/OSAM-oasi-1566-audit-mdsap","500","Jhuson@validant.com","sts#3","OSAM-oasi-1566-audit-mdsap"
"Offset x Opportunity","https://validanto365.sharepoint.com/sites/OSAM-OffsetxOpportunity","500","Jhuson@validant.com","sts#3","OSAM-OffsetxOpportunity"
"OH_OSM_DEVT_0047","https://validanto365.sharepoint.com/sites/OSAM-oh_osm_devt_0047","500","Jhuson@validant.com","sts#3","OSAM-oh_osm_devt_0047"
"ONS_DBF_GUA_1774_0674","https://validanto365.sharepoint.com/sites/OSAM-ons_dbf_gua_1774_0674","500","Jhuson@validant.com","sts#3","OSAM-ons_dbf_gua_1774_0674"
"ONS_EMF_PHY_1511_0542","https://validanto365.sharepoint.com/sites/OSAM-ons_emf_phy_1511_0542","500","Jhuson@validant.com","sts#3","OSAM-ons_emf_phy_1511_0542"
"Oriel GRFFVIR07122021","https://validanto365.sharepoint.com/sites/OSAM-OrielGRFFVIR07122021","500","Jhuson@validant.com","sts#3","OSAM-OrielGRFFVIR07122021"
"Oriel STAT A MATRIX Communications","https://validanto365.sharepoint.com/sites/OSAM-OrielSTATAMATRIXCommunications","500","Jhuson@validant.com","sts#3","OSAM-OrielSTATAMATRIXCommunications"
"Oriel STAT A MATRIX Intranet","https://validanto365.sharepoint.com/sites/OSAM-Intranet","500","Jhuson@validant.com","sts#3","OSAM-Intranet"
"Oriel STAT A MATRIX Intranet","https://validanto365.sharepoint.com/sites/OSAM-orielstat.sharepoint.com","500","Jhuson@validant.com","sts#3","OSAM-orielstat.sharepoint.com"
"Oriel STAT A MATRIX Root Cause Analysis License Files for Terumo","https://validanto365.sharepoint.com/sites/OSAM-OrielSTATAMATRIXRootCauseAnalysisLicenseFilesforTerumo","500","Jhuson@validant.com","sts#3","OSAM-OrielSTATAMATRIXRootCauseAnalysisLicenseFilesforTerumo"
"Oriel STAT Employees","https://validanto365.sharepoint.com/sites/OSAM-orielstatemployees","500","Jhuson@validant.com","sts#3","OSAM-orielstatemployees"
"Oriel STAT Training","https://validanto365.sharepoint.com/sites/OSAM-OrielSTATTraining","500","Jhuson@validant.com","sts#3","OSAM-OrielSTATTraining"
"ORTH-0401-QMS-13485-QSR","https://validanto365.sharepoint.com/sites/OSAM-orth-0401-qms-13485-qsr2","500","Jhuson@validant.com","sts#3","OSAM-orth-0401-qms-13485-qsr2"
"ORTH-1433-INT AUDIT: 13485/62304","https://validanto365.sharepoint.com/sites/OSAM-orth-1433-intaudit1348562304","500","Jhuson@validant.com","sts#3","OSAM-orth-1433-intaudit1348562304"
"ORTH-1601-INT AUDIT: 13485/62304","https://validanto365.sharepoint.com/sites/OSAM-orth-1601-intaudit1348562304","500","Jhuson@validant.com","sts#3","OSAM-orth-1601-intaudit1348562304"
"OSAM Archive","https://validanto365.sharepoint.com/sites/OSAM-osamarchive","500","Jhuson@validant.com","sts#3","OSAM-osamarchive"
"OSAM Regulatory","https://validanto365.sharepoint.com/sites/OSAM-OSAMRegulatory","500","Jhuson@validant.com","sts#3","OSAM-OSAMRegulatory"
"OSAM_Accounting","https://validanto365.sharepoint.com/sites/OSAM-OSAM_Accounting","500","Jhuson@validant.com","sts#3","OSAM-OSAM_Accounting"
"OSAM_DEnI","https://validanto365.sharepoint.com/sites/OSAM-OSAM_DEnI","500","Jhuson@validant.com","sts#3","OSAM-OSAM_DEnI"
"OSAM_HR","https://validanto365.sharepoint.com/sites/OSAM-OSAM_HR","500","Jhuson@validant.com","sts#3","OSAM-OSAM_HR"
"OSAM_Payroll","https://validanto365.sharepoint.com/sites/OSAM-osam_payroll","500","Jhuson@validant.com","sts#3","OSAM-osam_payroll"
"OUTS-1172-QMS-13485-QSR","https://validanto365.sharepoint.com/sites/OSAM-outs-1172-qms-13485-qsr","500","Jhuson@validant.com","sts#3","OSAM-outs-1172-qms-13485-qsr"
"PARA-0556-EU-MDR-TRANSITION","https://validanto365.sharepoint.com/sites/OSAM-para-0556-eu-mdr-transition","500","Jhuson@validant.com","sts#3","OSAM-para-0556-eu-mdr-transition"
"PARA-0884-AXSESS-MDR","https://validanto365.sharepoint.com/sites/OSAM-para-0884-axsess-mdr","500","Jhuson@validant.com","sts#3","OSAM-para-0884-axsess-mdr"
"PENU-1435-INT- HYB","https://validanto365.sharepoint.com/sites/OSAM-penu-1435-int-hyb","500","Jhuson@validant.com","sts#3","OSAM-penu-1435-int-hyb"
"PERC-1175-EU-MDR-TRANSITION","https://validanto365.sharepoint.com/sites/OSAM-perc-1175-eu-mdr-transition","500","Jhuson@validant.com","sts#3","OSAM-perc-1175-eu-mdr-transition"
"PFIZ-0406-QMS-QSR","https://validanto365.sharepoint.com/sites/OSAM-pfiz-0406-qms-qsr","500","Jhuson@validant.com","sts#3","OSAM-pfiz-0406-qms-qsr"
"PFIZ-0420-SUPPLIER-AUDIT-QSR-13485","https://validanto365.sharepoint.com/sites/OSAM-pfiz-0420-supplier-audit-qsr-13485","500","Jhuson@validant.com","sts#3","OSAM-pfiz-0420-supplier-audit-qsr-13485"
"PFIZ-0587-EU-MDR-TRANSITION","https://validanto365.sharepoint.com/sites/OSAM-pfiz-0587-eu-mdr-transition","500","Jhuson@validant.com","sts#3","OSAM-pfiz-0587-eu-mdr-transition"
"PFIZ-0589-AUDIT-13485/QSR","https://validanto365.sharepoint.com/sites/OSAM-pfiz-0589-audit-13485qsr","500","Jhuson@validant.com","sts#3","OSAM-pfiz-0589-audit-13485qsr"
"PFIZ-0696-SUPPLIER-AUDIT-QSR-13485","https://validanto365.sharepoint.com/sites/OSAM-pfiz-0696-supplier-audit-qsr-13485","500","Jhuson@validant.com","sts#3","OSAM-pfiz-0696-supplier-audit-qsr-13485"
"PFIZ-0756-EU-MDR-TRANSITION","https://validanto365.sharepoint.com/sites/OSAM-pfiz-0756-eu-mdr-transition","500","Jhuson@validant.com","sts#3","OSAM-pfiz-0756-eu-mdr-transition"
"PFIZ-1015-AUDIT-13485/QSR","https://validanto365.sharepoint.com/sites/OSAM-pfiz-1015-audit-13485qsr","500","Jhuson@validant.com","sts#3","OSAM-pfiz-1015-audit-13485qsr"
"Pharma 22","https://validanto365.sharepoint.com/sites/OSAM-Pharma22","500","Jhuson@validant.com","sts#3","OSAM-Pharma22"
"PhaseOrtho MDSAP Audit","https://validanto365.sharepoint.com/sites/OSAM-PhaseOrthoMDSAPAudit","500","Jhuson@validant.com","sts#3","OSAM-PhaseOrthoMDSAPAudit"
"Philips North America","https://validanto365.sharepoint.com/sites/OSAM-philipsnorthamerica","500","Jhuson@validant.com","sts#3","OSAM-philipsnorthamerica"
"Physio Control-AUDIT-13485/QSR-May2018-0213","https://validanto365.sharepoint.com/sites/OSAM-physiocontrol-audit-13485qsr-may2018-0213","500","Jhuson@validant.com","sts#3","OSAM-physiocontrol-audit-13485qsr-may2018-0213"
"POLL-1356-BASE-MDR","https://validanto365.sharepoint.com/sites/OSAM-poll-1356-base-mdr","500","Jhuson@validant.com","sts#3","OSAM-poll-1356-base-mdr"
"PORE-1089-US REG STRAT","https://validanto365.sharepoint.com/sites/OSAM-pore-1089-usregstrat","500","Jhuson@validant.com","sts#3","OSAM-pore-1089-usregstrat"
"Practice Planning","https://validanto365.sharepoint.com/sites/OSAM-PracticePlanning","500","Jhuson@validant.com","sts#3","OSAM-PracticePlanning"
"PREC-1251-BASE-MDR","https://validanto365.sharepoint.com/sites/OSAM-prec-1251-base-mdr","500","Jhuson@validant.com","sts#3","OSAM-prec-1251-base-mdr"
"PROJ-1076-DUE-DILIGENCE","https://validanto365.sharepoint.com/sites/OSAM-proj-1076-due-diligence","500","Jhuson@validant.com","sts#3","OSAM-proj-1076-due-diligence"
"Project Web App","https://validanto365.sharepoint.com/sites/OSAM-pwa","500","Jhuson@validant.com","sts#3","OSAM-pwa"
"PROS-0875-AUDIT-13485/QSR","https://validanto365.sharepoint.com/sites/OSAM-pros-0875-audit-13485qsr","500","Jhuson@validant.com","sts#3","OSAM-pros-0875-audit-13485qsr"
"PROS-1222-AUDIT-13485/QSR","https://validanto365.sharepoint.com/sites/OSAM-pros-1222-audit-13485qsr","500","Jhuson@validant.com","sts#3","OSAM-pros-1222-audit-13485qsr"
"QADV-1336-EUA","https://validanto365.sharepoint.com/sites/OSAM-qadv-1336-eua","500","Jhuson@validant.com","sts#3","OSAM-qadv-1336-eua"
"RCX Emodule","https://validanto365.sharepoint.com/sites/OSAM-RCXEmodule","500","Jhuson@validant.com","sts#3","OSAM-RCXEmodule"
"Remote Audit Team","https://validanto365.sharepoint.com/sites/OSAM-RemoteAuditTeam","500","Jhuson@validant.com","sts#3","OSAM-RemoteAuditTeam"
"RMF File Remediation","https://validanto365.sharepoint.com/sites/OSAM-rmffileremediation","500","Jhuson@validant.com","sts#3","OSAM-rmffileremediation"
"RMF- R3","https://validanto365.sharepoint.com/sites/OSAM-RMF-R3","500","Jhuson@validant.com","sts#3","OSAM-RMF-R3"
"ROCHE-STAFFAUG-RA-QA-JAN2018-0105","https://validanto365.sharepoint.com/sites/OSAM-con-staffaug-ra-qa-roch-0105","500","Jhuson@validant.com","sts#3","OSAM-con-staffaug-ra-qa-roch-0105"
"RUHO-0603-510K","https://validanto365.sharepoint.com/sites/OSAM-ruho-0603-510k","500","Jhuson@validant.com","sts#3","OSAM-ruho-0603-510k"
"RUHO-0652-510(K)","https://validanto365.sharepoint.com/sites/OSAM-ruho-0652-510k","500","Jhuson@validant.com","sts#3","OSAM-ruho-0652-510k"
"RUHO-0809-510(K)","https://validanto365.sharepoint.com/sites/OSAM-ruho-0809-510k","500","Jhuson@validant.com","sts#3","OSAM-ruho-0809-510k"
"RUHO-1185-EUA","https://validanto365.sharepoint.com/sites/OSAM-ruho-1185-eua","500","Jhuson@validant.com","sts#3","OSAM-ruho-1185-eua"
"RUHO-1195-DENOVO","https://validanto365.sharepoint.com/sites/OSAM-ruho-1195-denovo","500","Jhuson@validant.com","sts#3","OSAM-ruho-1195-denovo"
"S2EQ-1453-FDAMOCKAUDIT","https://validanto365.sharepoint.com/sites/OSAM-s2eq-1453-fdamockaudit","500","Jhuson@validant.com","sts#3","OSAM-s2eq-1453-fdamockaudit"
"SAFE-1429-IVDR-CON","https://validanto365.sharepoint.com/sites/OSAM-safe-1429-ivdr-con","500","Jhuson@validant.com","sts#3","OSAM-safe-1429-ivdr-con"
"SAGE-0627-INT-GMP210-211","https://validanto365.sharepoint.com/sites/OSAM-sage-0627-int-gmp210-211","500","Jhuson@validant.com","sts#3","OSAM-sage-0627-int-gmp210-211"
"SAGE-1116-INTERNAL - MDR + 13485 + QSR","https://validanto365.sharepoint.com/sites/OSAM-sage-1116-internal-mdrmdsap","500","Jhuson@validant.com","sts#3","OSAM-sage-1116-internal-mdrmdsap"
"SAGE-1346-AUDIT-PHARM","https://validanto365.sharepoint.com/sites/OSAM-sage-1346-audit-pharm","500","Jhuson@validant.com","sts#3","OSAM-sage-1346-audit-pharm"
"Sales and Marketing","https://validanto365.sharepoint.com/sites/OSAM-SalesandMarketing","500","Jhuson@validant.com","sts#3","OSAM-SalesandMarketing"
"Saluber- Multitask Projects","https://validanto365.sharepoint.com/sites/OSAM-saluber-multitaskprojects","500","Jhuson@validant.com","sts#3","OSAM-saluber-multitaskprojects"
"SALU-CON-510(K)-0019","https://validanto365.sharepoint.com/sites/OSAM-con-510k-salu-0019","500","Jhuson@validant.com","sts#3","OSAM-con-510k-salu-0019"
"SALU-CON-BASELINE-13458-Nov.2018-0338","https://validanto365.sharepoint.com/sites/OSAM-salu-con-baseline-13458-nov.2018-0338","500","Jhuson@validant.com","sts#3","OSAM-salu-con-baseline-13458-nov.2018-0338"
"SALU-PE-GENCONS-May2018-0226","https://validanto365.sharepoint.com/sites/OSAM-salu-pe-gencons-may2018-0226","500","Jhuson@validant.com","sts#3","OSAM-salu-pe-gencons-may2018-0226"
"SCIE-CON-BASELINE-13458/QSR-AUG2018-0255","https://validanto365.sharepoint.com/sites/OSAM-scie-con-baseline-13458qsr-aug2018-0255","500","Jhuson@validant.com","sts#3","OSAM-scie-con-baseline-13458qsr-aug2018-0255"
"SCIENION-QMS-13485-0129","https://validanto365.sharepoint.com/sites/OSAM-scienion-qms-13485-0129","500","Jhuson@validant.com","sts#3","OSAM-scienion-qms-13485-0129"
"Screen Share Test Team","https://validanto365.sharepoint.com/sites/OSAM-ScreenShareTestTeam","500","Jhuson@validant.com","sts#3","OSAM-ScreenShareTestTeam"
"SEEG-1072-BASE-IVDR","https://validanto365.sharepoint.com/sites/OSAM-seeg-1072-base-ivdr","500","Jhuson@validant.com","sts#3","OSAM-seeg-1072-base-ivdr"
"SHAP-1206-EU-MDR-TRANSITION","https://validanto365.sharepoint.com/sites/OSAM-shap-1206-eu-mdr-transition","500","Jhuson@validant.com","sts#3","OSAM-shap-1206-eu-mdr-transition"
"SHOC-1232-QMS-14000","https://validanto365.sharepoint.com/sites/OSAM-shoc-1232-qms-14000","500","Jhuson@validant.com","sts#3","OSAM-shoc-1232-qms-14000"
"SOPHiA Genetics Training","https://validanto365.sharepoint.com/sites/OSAM-sopiiageneticstraining","500","Jhuson@validant.com","sts#3","OSAM-sopiiageneticstraining"
"Spacelabs-MOCK-MDSAP-NOV2017-0095","https://validanto365.sharepoint.com/sites/OSAM-spacelabs-mock-mdsap-nov2017-0095","500","Jhuson@validant.com","sts#3","OSAM-spacelabs-mock-mdsap-nov2017-0095"
"SSWH-1114-BASE-MDR","https://validanto365.sharepoint.com/sites/OSAM-sswh-1114-base-mdr","500","Jhuson@validant.com","sts#3","OSAM-sswh-1114-base-mdr"
"SSWH-1373-DOC-REM","https://validanto365.sharepoint.com/sites/OSAM-sswh-1373-doc-rem","500","Jhuson@validant.com","sts#3","OSAM-sswh-1373-doc-rem"
"Stephanie and Heidi","https://validanto365.sharepoint.com/sites/OSAM-StephanieandHeidi","500","Jhuson@validant.com","sts#3","OSAM-StephanieandHeidi"
"STRY-0560-AUDIT-13485/QSR","https://validanto365.sharepoint.com/sites/OSAM-stry-0560-audit-13485qsr","500","Jhuson@validant.com","sts#3","OSAM-stry-0560-audit-13485qsr"
"SWAY-1454-AUDIT-13485/QSR","https://validanto365.sharepoint.com/sites/OSAM-sway-1454-audit-13485qsr","500","Jhuson@validant.com","sts#3","OSAM-sway-1454-audit-13485qsr"
"Sydney Neuroimaging Analysis Centre","https://validanto365.sharepoint.com/sites/OSAM-sydneyneuroimaginganalysiscentre","500","Jhuson@validant.com","sts#3","OSAM-sydneyneuroimaginganalysiscentre"
"SYNA-0583-AXSESS-MDR","https://validanto365.sharepoint.com/sites/OSAM-syna-0583-axsess-mdr","500","Jhuson@validant.com","sts#3","OSAM-syna-0583-axsess-mdr"
"SYNT-0790-510(K)","https://validanto365.sharepoint.com/sites/OSAM-synt-0790-510k","500","Jhuson@validant.com","sts#3","OSAM-synt-0790-510k"
"SYNT-1147-QMS-13485-QSR","https://validanto365.sharepoint.com/sites/OSAM-synt-1147-qms-13485-qsr","500","Jhuson@validant.com","sts#3","OSAM-synt-1147-qms-13485-qsr"
"SYNT-1600-REGSTRAT-EU+US","https://validanto365.sharepoint.com/sites/OSAM-synt-1600-regstrat-euus","500","Jhuson@validant.com","sts#3","OSAM-synt-1600-regstrat-euus"
"Team JNJ","https://validanto365.sharepoint.com/sites/OSAM-TeamJNJ","500","Jhuson@validant.com","sts#3","OSAM-TeamJNJ"
"Tech Support","https://validanto365.sharepoint.com/sites/OSAM-techsupport","500","Jhuson@validant.com","sts#3","OSAM-techsupport"
"TECH-0845-QMS-13485-QSR","https://validanto365.sharepoint.com/sites/OSAM-tech-0845-qms-13485-qsr","500","Jhuson@validant.com","sts#3","OSAM-tech-0845-qms-13485-qsr"
"Technical Team","https://validanto365.sharepoint.com/sites/OSAM-technicalteam","500","Jhuson@validant.com","sts#3","OSAM-technicalteam"
"TempSite","https://validanto365.sharepoint.com/sites/OSAM-OSAM-OSAM-TestSite","500","Jhuson@validant.com","sts#3","OSAM-OSAM-OSAM-TestSite"
"TERU-1030-AXSESS-MDR","https://validanto365.sharepoint.com/sites/OSAM-teru-1030-axsess-mdr","500","Jhuson@validant.com","sts#3","OSAM-teru-1030-axsess-mdr"
"TERU-1095-AXSESS-MDR","https://validanto365.sharepoint.com/sites/OSAM-teru-1095-axsess-mdr","500","Jhuson@validant.com","sts#3","OSAM-teru-1095-axsess-mdr"
"Terumo-MOCK-MDSAP-ISO9-Jan2018-0076","https://validanto365.sharepoint.com/sites/OSAM-terumo-mock-mdsap-iso9-jan2018-0076","500","Jhuson@validant.com","sts#3","OSAM-terumo-mock-mdsap-iso9-jan2018-0076"
"Test Comms Team Comm Sharepoint Site","https://validanto365.sharepoint.com/sites/OSAM-TestCommsTeamCommSharepointSite","500","Jhuson@validant.com","sts#3","OSAM-TestCommsTeamCommSharepointSite"
"Test plan","https://validanto365.sharepoint.com/sites/OSAM-Testplan","500","Jhuson@validant.com","sts#3","OSAM-Testplan"
"TestPlan2","https://validanto365.sharepoint.com/sites/OSAM-TestPlan2","500","Jhuson@validant.com","sts#3","OSAM-TestPlan2"
"TESTSITE3","https://validanto365.sharepoint.com/sites/OSAM-TESTSITE3","500","Jhuson@validant.com","sts#3","OSAM-TESTSITE3"
"TESTSITE4","https://validanto365.sharepoint.com/sites/OSAM-TESTSITE4","500","Jhuson@validant.com","sts#3","OSAM-TESTSITE4"
"TESTSITE5","https://validanto365.sharepoint.com/sites/OSAM-TESTSITE5","500","Jhuson@validant.com","sts#3","OSAM-TESTSITE5"
"TESTSITE6","https://validanto365.sharepoint.com/sites/OSAM-TESTSITE6","500","Jhuson@validant.com","sts#3","OSAM-TESTSITE6"
"TESTSITE7","https://validanto365.sharepoint.com/sites/OSAM-TESTSITE7","500","Jhuson@validant.com","sts#3","OSAM-TESTSITE7"
"TESTSITE8","https://validanto365.sharepoint.com/sites/OSAM-TESTSITE8","500","Jhuson@validant.com","sts#3","OSAM-TESTSITE8"
"TEYE-1093-EUA","https://validanto365.sharepoint.com/sites/OSAM-teye-1093-eua","500","Jhuson@validant.com","sts#3","OSAM-teye-1093-eua"
"THEC-1576-BASELINE-QSR","https://validanto365.sharepoint.com/sites/OSAM-thec-1576-baseline-qsr","500","Jhuson@validant.com","sts#3","OSAM-thec-1576-baseline-qsr"
"THER-1297-CEMARK","https://validanto365.sharepoint.com/sites/OSAM-ther-1297-cemark","500","Jhuson@validant.com","sts#3","OSAM-ther-1297-cemark"
"TIDI-1371-AUDIT-13485/QSR","https://validanto365.sharepoint.com/sites/OSAM-tidi-1371-audit-13485qsr","500","Jhuson@validant.com","sts#3","OSAM-tidi-1371-audit-13485qsr"
"TISS-0479-AUDIT-MDSAP","https://validanto365.sharepoint.com/sites/OSAM-tiss-0479-audit-mdsap","500","Jhuson@validant.com","sts#3","OSAM-tiss-0479-audit-mdsap"
"TISS-0602-SUPPLIER-AUDIT-QSR-13485","https://validanto365.sharepoint.com/sites/OSAM-tiss-0602-supplier-audit-qsr-13485","500","Jhuson@validant.com","sts#3","OSAM-tiss-0602-supplier-audit-qsr-13485"
"TISS-0709-SUPPLIER-AUDIT-PHARMA","https://validanto365.sharepoint.com/sites/OSAM-tiss-0709-supplier-audit-pharma","500","Jhuson@validant.com","sts#3","OSAM-tiss-0709-supplier-audit-pharma"
"TORA-1273-INTERNAL-MDR","https://validanto365.sharepoint.com/sites/OSAM-tora-1273-internal-mdr","500","Jhuson@validant.com","sts#3","OSAM-tora-1273-internal-mdr"
"Training and Marketing Comms","https://validanto365.sharepoint.com/sites/OSAM-TrainingandMarketingComms","500","Jhuson@validant.com","sts#3","OSAM-TrainingandMarketingComms"
"Training Unit","https://validanto365.sharepoint.com/sites/OSAM-trainingunit2","500","Jhuson@validant.com","sts#3","OSAM-trainingunit2"
"Training Unit","https://validanto365.sharepoint.com/sites/OSAM-trainingunit97","500","Jhuson@validant.com","sts#3","OSAM-trainingunit97"
"Training Unit Tools","https://validanto365.sharepoint.com/sites/OSAM-TrainingUnitTools","500","Jhuson@validant.com","sts#3","OSAM-TrainingUnitTools"
"Transition/Remediation Services Alignment Team","https://validanto365.sharepoint.com/sites/OSAM-TransitionRemediationServicesAlignmentTeam","500","Jhuson@validant.com","sts#3","OSAM-TransitionRemediationServicesAlignmentTeam"
"TTT","https://validanto365.sharepoint.com/sites/OSAM-TTT","500","Jhuson@validant.com","sts#3","OSAM-TTT"
"TU Team","https://validanto365.sharepoint.com/sites/OSAM-TUTeam","500","Jhuson@validant.com","sts#3","OSAM-TUTeam"
"TURN-0624-BASE-MDR","https://validanto365.sharepoint.com/sites/OSAM-turn-0624-base-mdr","500","Jhuson@validant.com","sts#3","OSAM-turn-0624-base-mdr"
"TWIS-0783-BASE-IVDR","https://validanto365.sharepoint.com/sites/OSAM-twis-0783-base-ivdr","500","Jhuson@validant.com","sts#3","OSAM-twis-0783-base-ivdr"
"TWIS-1527-IVDR-CON","https://validanto365.sharepoint.com/sites/OSAM-twis-1527-ivdr-con","500","Jhuson@validant.com","sts#3","OSAM-twis-1527-ivdr-con"
"Ultralife-MOCK-ISO13485_9001-JAN2018-0087","https://validanto365.sharepoint.com/sites/OSAM-ultralife-mock-iso13485_9001-jan2018-0087","500","Jhuson@validant.com","sts#3","OSAM-ultralife-mock-iso13485_9001-jan2018-0087"
"UMG/-0415-RA/QACONSULT","https://validanto365.sharepoint.com/sites/OSAM-umg-0415-raqaconsult","500","Jhuson@validant.com","sts#3","OSAM-umg-0415-raqaconsult"
"UMG-0441-BASELINE-MDSAP","https://validanto365.sharepoint.com/sites/OSAM-umg-0441-baseline-mdsap","500","Jhuson@validant.com","sts#3","OSAM-umg-0441-baseline-mdsap"
"UNIV-1161-BASE-IVDR","https://validanto365.sharepoint.com/sites/OSAM-univ-1161-base-ivdr","500","Jhuson@validant.com","sts#3","OSAM-univ-1161-base-ivdr"
"UNIV-1377-CEMARK","https://validanto365.sharepoint.com/sites/OSAM-univ-1377-cemark","500","Jhuson@validant.com","sts#3","OSAM-univ-1377-cemark"
"URES-0659-PREAXX - MDR + MDSAP","https://validanto365.sharepoint.com/sites/OSAM-ures-0659-preaxx-mdrmdsap","500","Jhuson@validant.com","sts#3","OSAM-ures-0659-preaxx-mdrmdsap"
"URES-1004-QMS-13485","https://validanto365.sharepoint.com/sites/OSAM-ures-1004-qms-13485","500","Jhuson@validant.com","sts#3","OSAM-ures-1004-qms-13485"
"URES-1163-AXSESS-MDR","https://validanto365.sharepoint.com/sites/OSAM-ures-1163-axsess-mdr","500","Jhuson@validant.com","sts#3","OSAM-ures-1163-axsess-mdr"
"URES-1582-INT- HYB","https://validanto365.sharepoint.com/sites/OSAM-ures-1582-int-hyb","500","Jhuson@validant.com","sts#3","OSAM-ures-1582-int-hyb"
"URES-CON-AUDIT-MDSAP-APR2019-0346","https://validanto365.sharepoint.com/sites/OSAM-ures-con-audit-mdsap-apr2019-0346","500","Jhuson@validant.com","sts#3","OSAM-ures-con-audit-mdsap-apr2019-0346"
"URES-CON-AUDIT-MDSAP-MARCH2019-0346","https://validanto365.sharepoint.com/sites/OSAM-ures-con-audit-mdsap-march2019-0346","500","Jhuson@validant.com","sts#3","OSAM-ures-con-audit-mdsap-march2019-0346"
"UTAK-0968-BASE-IVDR","https://validanto365.sharepoint.com/sites/OSAM-utak-0968-base-ivdr","500","Jhuson@validant.com","sts#3","OSAM-utak-0968-base-ivdr"
"Validant-OSAM Info Sharing","https://validanto365.sharepoint.com/sites/OSAM-Validant-OSAMInfoSharing","500","Jhuson@validant.com","sts#3","OSAM-Validant-OSAMInfoSharing"
"VAPO-0628-INTERNAL-MDR","https://validanto365.sharepoint.com/sites/OSAM-vapo-0628-internal-mdr","500","Jhuson@validant.com","sts#3","OSAM-vapo-0628-internal-mdr"
"VAPO-1225-INTERNAL-MDR","https://validanto365.sharepoint.com/sites/OSAM-vapo-1225-internal-mdr","500","Jhuson@validant.com","sts#3","OSAM-vapo-1225-internal-mdr"
"VAPO-1500-AUDIT-MDSAP","https://validanto365.sharepoint.com/sites/OSAM-vapo-1500-audit-mdsap","500","Jhuson@validant.com","sts#3","OSAM-vapo-1500-audit-mdsap"
"VAPO-CON-BASE-MDR-APR2019-0324","https://validanto365.sharepoint.com/sites/OSAM-vapo-con-base-mdr-apr2019-0324","500","Jhuson@validant.com","sts#3","OSAM-vapo-con-base-mdr-apr2019-0324"
"VEEP TEAM","https://validanto365.sharepoint.com/sites/OSAM-VEEPTEAM","500","Jhuson@validant.com","sts#3","OSAM-VEEPTEAM"
"VENU-1376-EU-MDR-TRANSITION","https://validanto365.sharepoint.com/sites/OSAM-venu-1376-eu-mdr-transition","500","Jhuson@validant.com","sts#3","OSAM-venu-1376-eu-mdr-transition"
"VICT-1151-AUDIT-ISO9001","https://validanto365.sharepoint.com/sites/OSAM-vict-1151-audit-iso9001","500","Jhuson@validant.com","sts#3","OSAM-vict-1151-audit-iso9001"
"VILT Class Files","https://validanto365.sharepoint.com/sites/OSAM-viltclassfiles","500","Jhuson@validant.com","sts#3","OSAM-viltclassfiles"
"VILT Conversion Team","https://validanto365.sharepoint.com/sites/OSAM-VILTConversionTeam","500","Jhuson@validant.com","sts#3","OSAM-VILTConversionTeam"
"WRIG-1230-INTERNAL-MDR","https://validanto365.sharepoint.com/sites/OSAM-wrig-1230-internal-mdr","500","Jhuson@validant.com","sts#3","OSAM-wrig-1230-internal-mdr"
"WRME-1490-BASE-MDR","https://validanto365.sharepoint.com/sites/OSAM-wrme-1490-base-mdr","500","Jhuson@validant.com","sts#3","OSAM-wrme-1490-base-mdr"
"XENO-0646-BASE-MDR","https://validanto365.sharepoint.com/sites/OSAM-xeno-0646-base-mdr","500","Jhuson@validant.com","sts#3","OSAM-xeno-0646-base-mdr"
"ZAP Surgical EU MDR Internal Audit","https://validanto365.sharepoint.com/sites/OSAM-ZAPSurgicalEUMDRInternalAudit","500","Jhuson@validant.com","sts#3","OSAM-ZAPSurgicalEUMDRInternalAudit"
"ZAPS-0811-AUDIT-13485/QSR","https://validanto365.sharepoint.com/sites/OSAM-zaps-0811-audit-13485qsr","500","Jhuson@validant.com","sts#3","OSAM-zaps-0811-audit-13485qsr"
"ZAPS-1587-INT- HYB","https://validanto365.sharepoint.com/sites/OSAM-zaps-1587-int-hyb","500","Jhuson@validant.com","sts#3","OSAM-zaps-1587-int-hyb"
