"""Site name""",URL,ValidantUrl,,,,,,,
1- Consultant Group Template,https://orielstat.sharepoint.com/sites/consultantgrouptemplate,https://validanto365.sharepoint.com/sites/OSAM-consultantgrouptemplate,,,,,,,
Abbott Diabetes Care,https://orielstat.sharepoint.com/sites/abbottdiabetescare,https://validanto365.sharepoint.com/sites/OSAM-abbottdiabetescare,,,,,,,
Accelerate Legal Request,https://orielstat.sharepoint.com/sites/AccelerateLegalRequest,https://validanto365.sharepoint.com/sites/OSAM-AccelerateLegalRequest,,,,,,,
ADVA-1350-INTERNAL - MDR + MDSAP,https://orielstat.sharepoint.com/sites/adva-1350-internal-mdrmdsap,https://validanto365.sharepoint.com/sites/OSAM-adva-1350-internal-mdrmdsap,,,,,,,
ADVA-1452-INTERNAL - MDR + MDSAP,https://orielstat.sharepoint.com/sites/adva-1452-internal-mdrmdsap,https://validanto365.sharepoint.com/sites/OSAM-adva-1452-internal-mdrmdsap,,,,,,,
ADVA-1544-INTERNAL - MDR + MDSAP,https://orielstat.sharepoint.com/sites/adva-1544-internal-mdrmdsap,https://validanto365.sharepoint.com/sites/OSAM-adva-1544-internal-mdrmdsap,,,,,,,
Amy's Tasks,https://orielstat.sharepoint.com/sites/AmysTasks,https://validanto365.sharepoint.com/sites/OSAM-AmysTasks,,,,,,,
Amy's Test Kitchen,https://orielstat.sharepoint.com/sites/AmysTestKitchen,https://validanto365.sharepoint.com/sites/OSAM-AmysTestKitchen,,,,,,,
Apps,https://orielstat.sharepoint.com/sites/appcatalog,https://validanto365.sharepoint.com/sites/OSAM-appcatalog,,,,,,,
BAYE-0937-AUDIT-MDSAP-EUMDR,https://orielstat.sharepoint.com/sites/baye-0937-audit-mdsap,https://validanto365.sharepoint.com/sites/OSAM-baye-0937-audit-mdsap,,,,,,,
BAYE-1518-INT- HYB,https://orielstat.sharepoint.com/sites/baye-1518-int-hyb,https://validanto365.sharepoint.com/sites/OSAM-baye-1518-int-hyb,,,,,,,
BAYE-1549-INT- HYB,https://orielstat.sharepoint.com/sites/baye-1549-int-hyb,https://validanto365.sharepoint.com/sites/OSAM-baye-1549-int-hyb,,,,,,,
BEMI-0545-510(K),https://orielstat.sharepoint.com/sites/bemi-0545-510k,https://validanto365.sharepoint.com/sites/OSAM-bemi-0545-510k,,,,,,,
BMS Management,https://orielstat.sharepoint.com/sites/BMSManagement,https://validanto365.sharepoint.com/sites/OSAM-BMSManagement,,,,,,,
Bobby's Working Documents,https://orielstat.sharepoint.com/sites/BobbysWorkingDocuments,https://validanto365.sharepoint.com/sites/OSAM-BobbysWorkingDocuments,,,,,,,
BSCI Superheroes,https://orielstat.sharepoint.com/sites/BSCISuperheroes,https://validanto365.sharepoint.com/sites/OSAM-BSCISuperheroes,,,,,,,
Charter Medical EU MDR Project,https://orielstat.sharepoint.com/sites/CharterMedicalEUMDRProject,https://validanto365.sharepoint.com/sites/OSAM-CharterMedicalEUMDRProject,,,,,,,
Chemence Medical Scoping,https://orielstat.sharepoint.com/sites/chemencemedicalscoping,https://validanto365.sharepoint.com/sites/OSAM-chemencemedicalscoping,,,,,,,
CHUR-1612-REGSTRAT-EU+US,https://orielstat.sharepoint.com/sites/chur-1612-regstrat-euus,https://validanto365.sharepoint.com/sites/OSAM-chur-1612-regstrat-euus,,,,,,,
Communications Team Chat,https://orielstat.sharepoint.com/sites/CommunicationsTeamChat,https://validanto365.sharepoint.com/sites/OSAM-CommunicationsTeamChat,,,,,,,
CON-510(K)-OPTO-0047,https://orielstat.sharepoint.com/sites/con-510k-opto-0047,https://validanto365.sharepoint.com/sites/OSAM-con-510k-opto-0047,,,,,,,
CON-510(K)-SNOO-0022,https://orielstat.sharepoint.com/sites/con-510k-snoo-0022,https://validanto365.sharepoint.com/sites/OSAM-con-510k-snoo-0022,,,,,,,
CON-AUDIT-13485/QSR-PHYS-0011,https://orielstat.sharepoint.com/sites/con-audit-13485qsr-phys-0011,https://validanto365.sharepoint.com/sites/OSAM-con-audit-13485qsr-phys-0011,,,,,,,
CON-BASELINE-13458/QSR-JENX-0043,https://orielstat.sharepoint.com/sites/con-baseline-13458qsr-jenx-0043,https://validanto365.sharepoint.com/sites/OSAM-con-baseline-13458qsr-jenx-0043,,,,,,,
CON-DMAIC-OCTA-0031,https://orielstat.sharepoint.com/sites/octaq02-2017dmaicconsulting,https://validanto365.sharepoint.com/sites/OSAM-octaq02-2017dmaicconsulting,,,,,,,
CON-FDA483-ADBI-0015,https://orielstat.sharepoint.com/sites/adb,https://validanto365.sharepoint.com/sites/OSAM-adb,,,,,,,
CON-RA/QACONSULT-12SI-0013,https://orielstat.sharepoint.com/sites/con-raqaconsult-12si-0013,https://validanto365.sharepoint.com/sites/OSAM-con-raqaconsult-12si-0013,,,,,,,
CON-RA/QACONSULT-CIVC-0075,https://orielstat.sharepoint.com/sites/con-raqaconsult-civc-0075,https://validanto365.sharepoint.com/sites/OSAM-con-raqaconsult-civc-0075,,,,,,,
CON-RA/QACONSULT-PHYS-0010,https://orielstat.sharepoint.com/sites/con-raqaconsult-phys-0010,https://validanto365.sharepoint.com/sites/OSAM-con-raqaconsult-phys-0010,,,,,,,
CON-RA/QACONSULT-TISS-0005,https://orielstat.sharepoint.com/sites/con-raqaconsult-tiss-0005,https://validanto365.sharepoint.com/sites/OSAM-con-raqaconsult-tiss-0005,,,,,,,
Consulting Project Management,https://orielstat.sharepoint.com/sites/ConsultingProjectManagement,https://validanto365.sharepoint.com/sites/OSAM-ConsultingProjectManagement,,,,,,,
ConvaTec-Green Belt Projects-Deeside,https://orielstat.sharepoint.com/sites/convatec-greenbeltprojects-deeside,https://validanto365.sharepoint.com/sites/OSAM-convatec-greenbeltprojects-deeside,,,,,,,
ConvaTec-Green Belt Projects-Haina,https://orielstat.sharepoint.com/sites/convatec-greenbeltprojects-haina,https://validanto365.sharepoint.com/sites/OSAM-convatec-greenbeltprojects-haina,,,,,,,
ConvaTec-Green Belt Projects-North Carolina,https://orielstat.sharepoint.com/sites/convatec-greenbeltprojects-northcarolina,https://validanto365.sharepoint.com/sites/OSAM-convatec-greenbeltprojects-northcarolina,,,,,,,
COOP-0945-PRODUCT SUBMISSIONS: JPN,https://orielstat.sharepoint.com/sites/coop-0945-productsubmissionsjpn,https://validanto365.sharepoint.com/sites/OSAM-coop-0945-productsubmissionsjpn,,,,,,,
Cooper Surgical 2021,https://orielstat.sharepoint.com/sites/coopersurgical2021,https://validanto365.sharepoint.com/sites/OSAM-coopersurgical2021,,,,,,,
Cooper Surgical Hold File,https://orielstat.sharepoint.com/sites/coopersurgicalholdfile,https://validanto365.sharepoint.com/sites/OSAM-coopersurgicalholdfile,,,,,,,
Cooper Surgical Product Remediation COOP-0645-CEMARK,https://orielstat.sharepoint.com/sites/coopersurgicalproductremediationcoop-0645-cemark,https://validanto365.sharepoint.com/sites/OSAM-coopersurgicalproductremediationcoop-0645-cemark,,,,,,,
COVID-19 TEAM 1 (VIRTUAL TRAINING),https://orielstat.sharepoint.com/sites/COVID-19TEAM1VIRTUALTRAINING,https://validanto365.sharepoint.com/sites/OSAM-COVID-19TEAM1VIRTUALTRAINING,,,,,,,
CRM Internal Project,https://orielstat.sharepoint.com/sites/crminternalproject,https://validanto365.sharepoint.com/sites/OSAM-crminternalproject,,,,,,,
CRS Course Development,https://orielstat.sharepoint.com/sites/crscoursedevelopment,https://validanto365.sharepoint.com/sites/OSAM-crscoursedevelopment,,,,,,,
Current Projects,https://orielstat.sharepoint.com/sites/CurrentProjects,https://validanto365.sharepoint.com/sites/OSAM-CurrentProjects,,,,,,,
Custom Courses,https://orielstat.sharepoint.com/sites/CustomCourses,https://validanto365.sharepoint.com/sites/OSAM-CustomCourses,,,,,,,
Draeger Medical -MOCK-MDSAP-APR2018-0108,https://orielstat.sharepoint.com/sites/draegermedical-mock-mdsap-apr2018-0108,https://validanto365.sharepoint.com/sites/OSAM-draegermedical-mock-mdsap-apr2018-0108,,,,,,,
eCW pre-engagement info,https://orielstat.sharepoint.com/sites/eCWpre-engagementinfo,https://validanto365.sharepoint.com/sites/OSAM-eCWpre-engagementinfo,,,,,,,
eLearning Team,https://orielstat.sharepoint.com/sites/eLearningTeam,https://validanto365.sharepoint.com/sites/OSAM-eLearningTeam,,,,,,,
EMF update,https://orielstat.sharepoint.com/sites/EMFupdate,https://validanto365.sharepoint.com/sites/OSAM-EMFupdate,,,,,,,
EMF-VILT EU MDR Implementation Training,https://orielstat.sharepoint.com/sites/EMF-VILTEUMDRImplementationTraining,https://validanto365.sharepoint.com/sites/OSAM-EMF-VILTEUMDRImplementationTraining,,,,,,,
EU MDR Auditor Qualification,https://orielstat.sharepoint.com/sites/eumdrauditorqualification,https://validanto365.sharepoint.com/sites/OSAM-eumdrauditorqualification,,,,,,,
EU MDR Modules,https://orielstat.sharepoint.com/sites/EUMDRModules,https://validanto365.sharepoint.com/sites/OSAM-EUMDRModules,,,,,,,
FUJIREBIO-MOCK-MDSAP-JAN2018-0119,https://orielstat.sharepoint.com/sites/fuji-mock-mdsap-jan2018-0119,https://validanto365.sharepoint.com/sites/OSAM-fuji-mock-mdsap-jan2018-0119,,,,,,,
Gasco Team,https://orielstat.sharepoint.com/sites/gascoteam,https://validanto365.sharepoint.com/sites/OSAM-gascoteam,,,,,,,
GB Minitab Update,https://orielstat.sharepoint.com/sites/GBMinitabUpdate,https://validanto365.sharepoint.com/sites/OSAM-GBMinitabUpdate,,,,,,,
GENE-0466-510(K),https://orielstat.sharepoint.com/sites/gene-0466-510k,https://validanto365.sharepoint.com/sites/OSAM-gene-0466-510k,,,,,,,
Genomic Health,https://orielstat.sharepoint.com/sites/genomichealth,https://validanto365.sharepoint.com/sites/OSAM-genomichealth,,,,,,,
GLOB-0935-US REG STRAT,https://orielstat.sharepoint.com/sites/glob-0935-usregstrat,https://validanto365.sharepoint.com/sites/OSAM-glob-0935-usregstrat,,,,,,,
Green Belt Files for Newell Brands License 2021,https://orielstat.sharepoint.com/sites/NewellBrandsGBLicense2021,https://validanto365.sharepoint.com/sites/OSAM-NewellBrandsGBLicense2021,,,,,,,
HENG-1542-REGSTRAT-EU+US,https://orielstat.sharepoint.com/sites/heng-1542-regstrat-euus,https://validanto365.sharepoint.com/sites/OSAM-heng-1542-regstrat-euus,,,,,,,
HRT-CON-REG-STRAT-Aug 2018-0259 & QSR-Oct-0281,https://orielstat.sharepoint.com/sites/hrt-con-reg-strat-global-aug2018-0259,https://validanto365.sharepoint.com/sites/OSAM-hrt-con-reg-strat-global-aug2018-0259,,,,,,,
IDET-1392-US REG STRAT,https://orielstat.sharepoint.com/sites/idet-1392-usregstrat,https://validanto365.sharepoint.com/sites/OSAM-idet-1392-usregstrat,,,,,,,
INNA-1307-US REG STRAT,https://orielstat.sharepoint.com/sites/inna-1307-usregstrat,https://validanto365.sharepoint.com/sites/OSAM-inna-1307-usregstrat,,,,,,,
Inputs to Training Materials,https://orielstat.sharepoint.com/sites/InputstoTrainingMaterials,https://validanto365.sharepoint.com/sites/OSAM-InputstoTrainingMaterials,,,,,,,
INST-1150-REGSTRAT-EU+US,https://orielstat.sharepoint.com/sites/inst-1150-regstrat-euus,https://validanto365.sharepoint.com/sites/OSAM-inst-1150-regstrat-euus,,,,,,,
INST-1292-US REG STRAT,https://orielstat.sharepoint.com/sites/inst-1292-usregstrat,https://validanto365.sharepoint.com/sites/OSAM-inst-1292-usregstrat,,,,,,,
Instructor Training Materials,https://orielstat.sharepoint.com/sites/Instructor_Files,https://validanto365.sharepoint.com/sites/OSAM-Instructor_Files,,,,,,,
INTE-0728-INT- HYB,https://orielstat.sharepoint.com/sites/inte-0728-int-hyb,https://validanto365.sharepoint.com/sites/OSAM-inte-0728-int-hyb,,,,,,,
Internal Audit,https://orielstat.sharepoint.com/sites/InternalAudit,https://validanto365.sharepoint.com/sites/OSAM-InternalAudit,,,,,,,
INTERNAL TRAINING,https://orielstat.sharepoint.com/sites/internaltraining,https://validanto365.sharepoint.com/sites/OSAM-internaltraining,,,,,,,
IOPI-0987-AUDIT-13485/QSR,https://orielstat.sharepoint.com/sites/iopi-0987-audit-13485qsr,https://validanto365.sharepoint.com/sites/OSAM-iopi-0987-audit-13485qsr,,,,,,,
IOPI-1464-AUDIT-13485/QSR,https://orielstat.sharepoint.com/sites/iopi-1464-audit-13485qsr,https://validanto365.sharepoint.com/sites/OSAM-iopi-1464-audit-13485qsr,,,,,,,
IOQ Crew,https://orielstat.sharepoint.com/sites/IOQCrew,https://validanto365.sharepoint.com/sites/OSAM-IOQCrew,,,,,,,
IRHY-1476-INT- HYB,https://orielstat.sharepoint.com/sites/irhy-1476-int-hyb,https://validanto365.sharepoint.com/sites/OSAM-irhy-1476-int-hyb,,,,,,,
IT Admin,https://orielstat.sharepoint.com/sites/ITAdmin,https://validanto365.sharepoint.com/sites/OSAM-ITAdmin,,,,,,,
IVOC-1211-INT- HYB,https://orielstat.sharepoint.com/sites/ivoc-1211-int-hyb,https://validanto365.sharepoint.com/sites/OSAM-ivoc-1211-int-hyb,,,,,,,
JAME-0942-US REG STRAT,https://orielstat.sharepoint.com/sites/jame-0942-usregstrat,https://validanto365.sharepoint.com/sites/OSAM-jame-0942-usregstrat,,,,,,,
Johnson and Johnson,https://orielstat.sharepoint.com/sites/johnsonandjohnson,https://validanto365.sharepoint.com/sites/OSAM-johnsonandjohnson,,,,,,,
Jubilant EU MDR Transition Project OSAM Peeps,https://orielstat.sharepoint.com/sites/JubilantEUMDRTransitionProjectOSAMPeeps,https://validanto365.sharepoint.com/sites/OSAM-JubilantEUMDRTransitionProjectOSAMPeeps,,,,,,,
Just me,https://orielstat.sharepoint.com/sites/Justme,https://validanto365.sharepoint.com/sites/OSAM-Justme,,,,,,,
KB Project Planner,https://orielstat.sharepoint.com/sites/KBProjectPlanner,https://validanto365.sharepoint.com/sites/OSAM-KBProjectPlanner,,,,,,,
KING-1517-US REG STRAT,https://orielstat.sharepoint.com/sites/king-1517-usregstrat,https://validanto365.sharepoint.com/sites/OSAM-king-1517-usregstrat,,,,,,,
KORU Medical Systems Internal Audit - Nov 2021,https://orielstat.sharepoint.com/sites/KORUMedicalSystemsInternalAudit-Nov2021,https://validanto365.sharepoint.com/sites/OSAM-KORUMedicalSystemsInternalAudit-Nov2021,,,,,,,
KORU-1511-INT- HYB,https://orielstat.sharepoint.com/sites/koru-1511-int-hyb,https://validanto365.sharepoint.com/sites/OSAM-koru-1511-int-hyb,,,,,,,
LACR-0785-AUDIT-13485/QSR,https://orielstat.sharepoint.com/sites/lacr-0785-audit-13485qsr,https://validanto365.sharepoint.com/sites/OSAM-lacr-0785-audit-13485qsr,,,,,,,
LACR-1288-AUDIT-13485/QSR,https://orielstat.sharepoint.com/sites/lacr-1288-audit-13485qsr,https://validanto365.sharepoint.com/sites/OSAM-lacr-1288-audit-13485qsr,,,,,,,
Libby Farrelly PM,https://orielstat.sharepoint.com/sites/LibbyFarrellyPM,https://validanto365.sharepoint.com/sites/OSAM-LibbyFarrellyPM,,,,,,,
Lo que sea,https://orielstat.sharepoint.com/sites/Loquesea,https://validanto365.sharepoint.com/sites/OSAM-Loquesea,,,,,,,
LUME-0514-BASE-MDR,https://orielstat.sharepoint.com/sites/lume-eu-mdr-transition-jan2019-0315,https://validanto365.sharepoint.com/sites/OSAM-lume-eu-mdr-transition-jan2019-0315,,,,,,,
LUME-0725-FDA-INSPECTION READINESS,https://orielstat.sharepoint.com/sites/lume-0725-fda-inspectionreadiness,https://validanto365.sharepoint.com/sites/OSAM-lume-0725-fda-inspectionreadiness,,,,,,,
LUTO-CON-QMS-13485-QSR-Aug 2018-0271,https://orielstat.sharepoint.com/sites/luto-con-qms-13485-qsr-aug2018-0271,https://validanto365.sharepoint.com/sites/OSAM-luto-con-qms-13485-qsr-aug2018-0271,,,,,,,
Marash Family Docs,https://orielstat.sharepoint.com/sites/MarashFamilyDocs,https://validanto365.sharepoint.com/sites/OSAM-MarashFamilyDocs,,,,,,,
MART-0876-510(K),https://orielstat.sharepoint.com/sites/mart-0876-510k,https://validanto365.sharepoint.com/sites/OSAM-mart-0876-510k,,,,,,,
MDSAP MidMark,https://orielstat.sharepoint.com/sites/mdsapmidmark,https://validanto365.sharepoint.com/sites/OSAM-mdsapmidmark,,,,,,,
MEDI-1412-AUDIT-13485/QSR,https://orielstat.sharepoint.com/sites/medi-1412-audit-13485qsr,https://validanto365.sharepoint.com/sites/OSAM-medi-1412-audit-13485qsr,,,,,,,
MEDT-1461-AUDIT-13485/QSR,https://orielstat.sharepoint.com/sites/medt-1461-audit-13485qsr,https://validanto365.sharepoint.com/sites/OSAM-medt-1461-audit-13485qsr,,,,,,,
MEDT-1467-AUDIT-13485/QSR,https://orielstat.sharepoint.com/sites/medt-1467-audit-13485qsr,https://validanto365.sharepoint.com/sites/OSAM-medt-1467-audit-13485qsr,,,,,,,
MEDT-1580-INT- HYB,https://orielstat.sharepoint.com/sites/medt-1580-int-hyb,https://validanto365.sharepoint.com/sites/OSAM-medt-1580-int-hyb,,,,,,,
MEDT-1583-INT- HYB,https://orielstat.sharepoint.com/sites/medt-1583-int-hyb,https://validanto365.sharepoint.com/sites/OSAM-medt-1583-int-hyb,,,,,,,
Medtech Insight,https://orielstat.sharepoint.com/sites/MedtechInsight,https://validanto365.sharepoint.com/sites/OSAM-MedtechInsight,,,,,,,
Medtech Insight Weekly Issue,https://orielstat.sharepoint.com/sites/MedtechInsightWeeklyIssue,https://validanto365.sharepoint.com/sites/OSAM-MedtechInsightWeeklyIssue,,,,,,,
Medtech Insight Weekly Issues,https://orielstat.sharepoint.com/sites/MedtechInsightWeeklyIssues2,https://validanto365.sharepoint.com/sites/OSAM-MedtechInsightWeeklyIssues2,,,,,,,
Merck Design Control Training,https://orielstat.sharepoint.com/sites/merckdesigncontroltraining,https://validanto365.sharepoint.com/sites/OSAM-merckdesigncontroltraining,,,,,,,
MICR-1303-US REG STRAT,https://orielstat.sharepoint.com/sites/micr-1303-usregstrat,https://validanto365.sharepoint.com/sites/OSAM-micr-1303-usregstrat,,,,,,,
NEOC-0946-AUDIT-13485/QSR,https://orielstat.sharepoint.com/sites/neoc-0946-audit-13485qsr,https://validanto365.sharepoint.com/sites/OSAM-neoc-0946-audit-13485qsr,,,,,,,
NEOC-1398-AUDIT-13485/QSR,https://orielstat.sharepoint.com/sites/neoc-1398-audit-13485qsr,https://validanto365.sharepoint.com/sites/OSAM-neoc-1398-audit-13485qsr,,,,,,,
NEPH-0444-RA/QACONSULT,https://orielstat.sharepoint.com/sites/neph-0444-raqaconsult,https://validanto365.sharepoint.com/sites/OSAM-neph-0444-raqaconsult,,,,,,,
NEUR-0974-510(K),https://orielstat.sharepoint.com/sites/neur-0974-510k,https://validanto365.sharepoint.com/sites/OSAM-neur-0974-510k,,,,,,,
Newell Brands SGM,https://orielstat.sharepoint.com/sites/newellbrandssgm,https://validanto365.sharepoint.com/sites/OSAM-newellbrandssgm,,,,,,,
Nongshim Green Belt Documents,https://orielstat.sharepoint.com/sites/nongshimgreenbeltdocuments,https://validanto365.sharepoint.com/sites/OSAM-nongshimgreenbeltdocuments,,,,,,,
Nongshim Training,https://orielstat.sharepoint.com/sites/nongshimtraining,https://validanto365.sharepoint.com/sites/OSAM-nongshimtraining,,,,,,,
NOUS-1460-510(K),https://orielstat.sharepoint.com/sites/nous-1460-510k,https://validanto365.sharepoint.com/sites/OSAM-nous-1460-510k,,,,,,,
NOVA-1237-510(K),https://orielstat.sharepoint.com/sites/nova-1237-510k,https://validanto365.sharepoint.com/sites/OSAM-nova-1237-510k,,,,,,,
Offset x Opportunity,https://orielstat.sharepoint.com/sites/OffsetxOpportunity,https://validanto365.sharepoint.com/sites/OSAM-OffsetxOpportunity,,,,,,,
Oriel GRFFVIR07122021,https://orielstat.sharepoint.com/sites/OrielGRFFVIR07122021,https://validanto365.sharepoint.com/sites/OSAM-OrielGRFFVIR07122021,,,,,,,
Oriel STAT A MATRIX Communications,https://orielstat.sharepoint.com/sites/OrielSTATAMATRIXCommunications,https://validanto365.sharepoint.com/sites/OSAM-OrielSTATAMATRIXCommunications,,,,,,,
Oriel STAT A MATRIX Intranet,https://orielstat.sharepoint.com/sites/Intranet,https://validanto365.sharepoint.com/sites/OSAM-Intranet,,,,,,,
Oriel STAT A MATRIX Intranet,https://orielstat.sharepoint.com,https://validanto365.sharepoint.com/sites/OSAM-orielstat.sharepoint.com,,,,,,,
Oriel STAT A MATRIX Root Cause Analysis License Files for Terumo,https://orielstat.sharepoint.com/sites/OrielSTATAMATRIXRootCauseAnalysisLicenseFilesforTerumo,https://validanto365.sharepoint.com/sites/OSAM-OrielSTATAMATRIXRootCauseAnalysisLicenseFilesforTerumo,,,,,,,
Oriel STAT Employees,https://orielstat.sharepoint.com/sites/orielstatemployees,https://validanto365.sharepoint.com/sites/OSAM-orielstatemployees,,,,,,,
Oriel STAT Training,https://orielstat.sharepoint.com/sites/OrielSTATTraining,https://validanto365.sharepoint.com/sites/OSAM-OrielSTATTraining,,,,,,,
ORTH-0401-QMS-13485-QSR,https://orielstat.sharepoint.com/sites/orth-0401-qms-13485-qsr2,https://validanto365.sharepoint.com/sites/OSAM-orth-0401-qms-13485-qsr2,,,,,,,
ORTH-1433-INT AUDIT: 13485/62304,https://orielstat.sharepoint.com/sites/orth-1433-intaudit1348562304,https://validanto365.sharepoint.com/sites/OSAM-orth-1433-intaudit1348562304,,,,,,,
ORTH-1601-INT AUDIT: 13485/62304,https://orielstat.sharepoint.com/sites/orth-1601-intaudit1348562304,https://validanto365.sharepoint.com/sites/OSAM-orth-1601-intaudit1348562304,,,,,,,
OSAM Archive,https://orielstat.sharepoint.com/sites/osamarchive,https://validanto365.sharepoint.com/sites/OSAM-osamarchive,,,,,,,
OSAM Regulatory,https://orielstat.sharepoint.com/sites/OSAMRegulatory,https://validanto365.sharepoint.com/sites/OSAM-OSAMRegulatory,,,,,,,
PENU-1435-INT- HYB,https://orielstat.sharepoint.com/sites/penu-1435-int-hyb,https://validanto365.sharepoint.com/sites/OSAM-penu-1435-int-hyb,,,,,,,
PFIZ-0589-AUDIT-13485/QSR,https://orielstat.sharepoint.com/sites/pfiz-0589-audit-13485qsr,https://validanto365.sharepoint.com/sites/OSAM-pfiz-0589-audit-13485qsr,,,,,,,
PFIZ-1015-AUDIT-13485/QSR,https://orielstat.sharepoint.com/sites/pfiz-1015-audit-13485qsr,https://validanto365.sharepoint.com/sites/OSAM-pfiz-1015-audit-13485qsr,,,,,,,
Pharma 22,https://orielstat.sharepoint.com/sites/Pharma22,https://validanto365.sharepoint.com/sites/OSAM-Pharma22,,,,,,,
PhaseOrtho MDSAP Audit,https://orielstat.sharepoint.com/sites/PhaseOrthoMDSAPAudit,https://validanto365.sharepoint.com/sites/OSAM-PhaseOrthoMDSAPAudit,,,,,,,
Philips North America,https://orielstat.sharepoint.com/sites/philipsnorthamerica,https://validanto365.sharepoint.com/sites/OSAM-philipsnorthamerica,,,,,,,
Physio Control-AUDIT-13485/QSR-May2018-0213,https://orielstat.sharepoint.com/sites/physiocontrol-audit-13485qsr-may2018-0213,https://validanto365.sharepoint.com/sites/OSAM-physiocontrol-audit-13485qsr-may2018-0213,,,,,,,
PORE-1089-US REG STRAT,https://orielstat.sharepoint.com/sites/pore-1089-usregstrat,https://validanto365.sharepoint.com/sites/OSAM-pore-1089-usregstrat,,,,,,,
Practice Planning,https://orielstat.sharepoint.com/sites/PracticePlanning,https://validanto365.sharepoint.com/sites/OSAM-PracticePlanning,,,,,,,
Project Web App,https://orielstat.sharepoint.com/sites/pwa,https://validanto365.sharepoint.com/sites/OSAM-pwa,,,,,,,
PROS-0875-AUDIT-13485/QSR,https://orielstat.sharepoint.com/sites/pros-0875-audit-13485qsr,https://validanto365.sharepoint.com/sites/OSAM-pros-0875-audit-13485qsr,,,,,,,
PROS-1222-AUDIT-13485/QSR,https://orielstat.sharepoint.com/sites/pros-1222-audit-13485qsr,https://validanto365.sharepoint.com/sites/OSAM-pros-1222-audit-13485qsr,,,,,,,
RCX Emodule,https://orielstat.sharepoint.com/sites/RCXEmodule,https://validanto365.sharepoint.com/sites/OSAM-RCXEmodule,,,,,,,
Remote Audit Team,https://orielstat.sharepoint.com/sites/RemoteAuditTeam,https://validanto365.sharepoint.com/sites/OSAM-RemoteAuditTeam,,,,,,,
RMF File Remediation,https://orielstat.sharepoint.com/sites/rmffileremediation,https://validanto365.sharepoint.com/sites/OSAM-rmffileremediation,,,,,,,
RMF- R3,https://orielstat.sharepoint.com/sites/RMF-R3,https://validanto365.sharepoint.com/sites/OSAM-RMF-R3,,,,,,,
ROCHE-STAFFAUG-RA-QA-JAN2018-0105,https://orielstat.sharepoint.com/sites/con-staffaug-ra-qa-roch-0105,https://validanto365.sharepoint.com/sites/OSAM-con-staffaug-ra-qa-roch-0105,,,,,,,
RUHO-0652-510(K),https://orielstat.sharepoint.com/sites/ruho-0652-510k,https://validanto365.sharepoint.com/sites/OSAM-ruho-0652-510k,,,,,,,
RUHO-0809-510(K),https://orielstat.sharepoint.com/sites/ruho-0809-510k,https://validanto365.sharepoint.com/sites/OSAM-ruho-0809-510k,,,,,,,
SAGE-1116-INTERNAL - MDR + 13485 + QSR,https://orielstat.sharepoint.com/sites/sage-1116-internal-mdrmdsap,https://validanto365.sharepoint.com/sites/OSAM-sage-1116-internal-mdrmdsap,,,,,,,
Sales and Marketing,https://orielstat.sharepoint.com/sites/SalesandMarketing,https://validanto365.sharepoint.com/sites/OSAM-SalesandMarketing,,,,,,,
Saluber- Multitask Projects,https://orielstat.sharepoint.com/sites/saluber-multitaskprojects,https://validanto365.sharepoint.com/sites/OSAM-saluber-multitaskprojects,,,,,,,
SALU-CON-510(K)-0019,https://orielstat.sharepoint.com/sites/con-510k-salu-0019,https://validanto365.sharepoint.com/sites/OSAM-con-510k-salu-0019,,,,,,,
SCIE-CON-BASELINE-13458/QSR-AUG2018-0255,https://orielstat.sharepoint.com/sites/scie-con-baseline-13458qsr-aug2018-0255,https://validanto365.sharepoint.com/sites/OSAM-scie-con-baseline-13458qsr-aug2018-0255,,,,,,,
Screen Share Test Team,https://orielstat.sharepoint.com/sites/ScreenShareTestTeam,https://validanto365.sharepoint.com/sites/OSAM-ScreenShareTestTeam,,,,,,,
SOPHiA Genetics Training,https://orielstat.sharepoint.com/sites/sopiiageneticstraining,https://validanto365.sharepoint.com/sites/OSAM-sopiiageneticstraining,,,,,,,
Stephanie and Heidi,https://orielstat.sharepoint.com/sites/StephanieandHeidi,https://validanto365.sharepoint.com/sites/OSAM-StephanieandHeidi,,,,,,,
STRY-0560-AUDIT-13485/QSR,https://orielstat.sharepoint.com/sites/stry-0560-audit-13485qsr,https://validanto365.sharepoint.com/sites/OSAM-stry-0560-audit-13485qsr,,,,,,,
SWAY-1454-AUDIT-13485/QSR,https://orielstat.sharepoint.com/sites/sway-1454-audit-13485qsr,https://validanto365.sharepoint.com/sites/OSAM-sway-1454-audit-13485qsr,,,,,,,
Sydney Neuroimaging Analysis Centre,https://orielstat.sharepoint.com/sites/sydneyneuroimaginganalysiscentre,https://validanto365.sharepoint.com/sites/OSAM-sydneyneuroimaginganalysiscentre,,,,,,,
SYNT-0790-510(K),https://orielstat.sharepoint.com/sites/synt-0790-510k,https://validanto365.sharepoint.com/sites/OSAM-synt-0790-510k,,,,,,,
SYNT-1600-REGSTRAT-EU+US,https://orielstat.sharepoint.com/sites/synt-1600-regstrat-euus,https://validanto365.sharepoint.com/sites/OSAM-synt-1600-regstrat-euus,,,,,,,
Team JNJ,https://orielstat.sharepoint.com/sites/TeamJNJ,https://validanto365.sharepoint.com/sites/OSAM-TeamJNJ,,,,,,,
Tech Support,https://orielstat.sharepoint.com/sites/techsupport,https://validanto365.sharepoint.com/sites/OSAM-techsupport,,,,,,,
Technical Team,https://orielstat.sharepoint.com/sites/technicalteam,https://validanto365.sharepoint.com/sites/OSAM-technicalteam,,,,,,,
TempSite,https://orielstat.sharepoint.com/sites/OSAM-OSAM-TestSite,https://validanto365.sharepoint.com/sites/OSAM-OSAM-OSAM-TestSite,,,,,,,
Test Comms Team Comm Sharepoint Site,https://orielstat.sharepoint.com/sites/TestCommsTeamCommSharepointSite,https://validanto365.sharepoint.com/sites/OSAM-TestCommsTeamCommSharepointSite,,,,,,,
Test plan,https://orielstat.sharepoint.com/sites/Testplan,https://validanto365.sharepoint.com/sites/OSAM-Testplan,,,,,,,
TIDI-1371-AUDIT-13485/QSR,https://orielstat.sharepoint.com/sites/tidi-1371-audit-13485qsr,https://validanto365.sharepoint.com/sites/OSAM-tidi-1371-audit-13485qsr,,,,,,,
Training and Marketing Comms,https://orielstat.sharepoint.com/sites/TrainingandMarketingComms,https://validanto365.sharepoint.com/sites/OSAM-TrainingandMarketingComms,,,,,,,
Training Unit,https://orielstat.sharepoint.com/sites/trainingunit2,https://validanto365.sharepoint.com/sites/OSAM-trainingunit2,,,,,,,
Training Unit,https://orielstat.sharepoint.com/sites/trainingunit97,https://validanto365.sharepoint.com/sites/OSAM-trainingunit97,,,,,,,
Training Unit Tools,https://orielstat.sharepoint.com/sites/TrainingUnitTools,https://validanto365.sharepoint.com/sites/OSAM-TrainingUnitTools,,,,,,,
Transition/Remediation Services Alignment Team,https://orielstat.sharepoint.com/sites/TransitionRemediationServicesAlignmentTeam,https://validanto365.sharepoint.com/sites/OSAM-TransitionRemediationServicesAlignmentTeam,,,,,,,
TU Team,https://orielstat.sharepoint.com/sites/TUTeam,https://validanto365.sharepoint.com/sites/OSAM-TUTeam,,,,,,,
UMG/-0415-RA/QACONSULT,https://orielstat.sharepoint.com/sites/umg-0415-raqaconsult,https://validanto365.sharepoint.com/sites/OSAM-umg-0415-raqaconsult,,,,,,,
URES-0659-PREAXX - MDR + MDSAP,https://orielstat.sharepoint.com/sites/ures-0659-preaxx-mdrmdsap,https://validanto365.sharepoint.com/sites/OSAM-ures-0659-preaxx-mdrmdsap,,,,,,,
URES-1582-INT- HYB,https://orielstat.sharepoint.com/sites/ures-1582-int-hyb,https://validanto365.sharepoint.com/sites/OSAM-ures-1582-int-hyb,,,,,,,
Validant-OSAM Info Sharing,https://orielstat.sharepoint.com/sites/Validant-OSAMInfoSharing,https://validanto365.sharepoint.com/sites/OSAM-Validant-OSAMInfoSharing,,,,,,,
VEEP TEAM,https://orielstat.sharepoint.com/sites/VEEPTEAM,https://validanto365.sharepoint.com/sites/OSAM-VEEPTEAM,,,,,,,
VILT Class Files,https://orielstat.sharepoint.com/sites/viltclassfiles,https://validanto365.sharepoint.com/sites/OSAM-viltclassfiles,,,,,,,
VILT Conversion Team,https://orielstat.sharepoint.com/sites/VILTConversionTeam,https://validanto365.sharepoint.com/sites/OSAM-VILTConversionTeam,,,,,,,
ZAP Surgical EU MDR Internal Audit,https://orielstat.sharepoint.com/sites/ZAPSurgicalEUMDRInternalAudit,https://validanto365.sharepoint.com/sites/OSAM-ZAPSurgicalEUMDRInternalAudit,,,,,,,
ZAPS-0811-AUDIT-13485/QSR,https://orielstat.sharepoint.com/sites/zaps-0811-audit-13485qsr,https://validanto365.sharepoint.com/sites/OSAM-zaps-0811-audit-13485qsr,,,,,,,
ZAPS-1587-INT- HYB,https://orielstat.sharepoint.com/sites/zaps-1587-int-hyb,https://validanto365.sharepoint.com/sites/OSAM-zaps-1587-int-hyb,,,,,,,
