"""Site name""",URL,Teams,CorrectedUrl,,,,,,
1- Consultant Group Template,https://orielstat.sharepoint.com/sites/consultantgrouptemplate,FALSE,https://validanto365.sharepoint.com/sites/OSAM-consultantgrouptemplate,,,,,,
12Sigma_Deliverables,https://orielstat.sharepoint.com/sites/12sigma_deliverables,TRUE,https://validanto365.sharepoint.com/sites/OSAM-12sigma_deliverables,,,,,,
3MHE-1368-QMS-13485-QSR,https://orielstat.sharepoint.com/sites/3mhe-1368-qms-13485-qsr,FALSE,https://validanto365.sharepoint.com/sites/OSAM-3mhe-1368-qms-13485-qsr,,,,,,
ABBO-1228-SOFTWARE_CON,https://orielstat.sharepoint.com/sites/abbo-1228-software_con,FALSE,https://validanto365.sharepoint.com/sites/OSAM-abbo-1228-software_con,,,,,,
Abbott Diabetes Care,https://orielstat.sharepoint.com/sites/abbottdiabetescare,FALSE,https://validanto365.sharepoint.com/sites/OSAM-abbottdiabetescare,,,,,,
ABCA-1207-BASE-IVDR,https://orielstat.sharepoint.com/sites/abca-1207-base-ivdr,FALSE,https://validanto365.sharepoint.com/sites/OSAM-abca-1207-base-ivdr,,,,,,
ABIO-1427-AXSESS-MDR,https://orielstat.sharepoint.com/sites/abio-1427-axsess-mdr,FALSE,https://validanto365.sharepoint.com/sites/OSAM-abio-1427-axsess-mdr,,,,,,
ABRE-1287-EUA,https://orielstat.sharepoint.com/sites/abre-1287-eua,FALSE,https://validanto365.sharepoint.com/sites/OSAM-abre-1287-eua,,,,,,
Accelerate Legal Request,https://orielstat.sharepoint.com/sites/AccelerateLegalRequest,FALSE,https://validanto365.sharepoint.com/sites/OSAM-AccelerateLegalRequest,,,,,,
ADBI-1070-QMS-QSR,https://orielstat.sharepoint.com/sites/adbi-1070-qms-qsr,FALSE,https://validanto365.sharepoint.com/sites/OSAM-adbi-1070-qms-qsr,,,,,,
ADVA-0724-AXSESS-MDR,https://orielstat.sharepoint.com/sites/adva-0724-axsess-mdr,FALSE,https://validanto365.sharepoint.com/sites/OSAM-adva-0724-axsess-mdr,,,,,,
ADVA-1350-INTERNAL - MDR + MDSAP,https://orielstat.sharepoint.com/sites/adva-1350-internal-mdrmdsap,FALSE,https://validanto365.sharepoint.com/sites/OSAM-adva-1350-internal-mdrmdsap,,,,,,
ADVA-1382-EU-MDR-TRANSITION,https://orielstat.sharepoint.com/sites/adva-1382-eu-mdr-transition,FALSE,https://validanto365.sharepoint.com/sites/OSAM-adva-1382-eu-mdr-transition,,,,,,
ADVA-1452-INTERNAL - MDR + MDSAP,https://orielstat.sharepoint.com/sites/adva-1452-internal-mdrmdsap,FALSE,https://validanto365.sharepoint.com/sites/OSAM-adva-1452-internal-mdrmdsap,,,,,,
ADVA-1544-INTERNAL - MDR + MDSAP,https://orielstat.sharepoint.com/sites/adva-1544-internal-mdrmdsap,FALSE,https://validanto365.sharepoint.com/sites/OSAM-adva-1544-internal-mdrmdsap,,,,,,
AMAZ-1074-NPSW-VALIDATION,https://orielstat.sharepoint.com/sites/amaz-1074-npsw-validation,FALSE,https://validanto365.sharepoint.com/sites/OSAM-amaz-1074-npsw-validation,,,,,,
AMER-0802-QMS-QSR,https://orielstat.sharepoint.com/sites/amer-0802-qms-qsr,FALSE,https://validanto365.sharepoint.com/sites/OSAM-amer-0802-qms-qsr,,,,,,
AMER-1468-STAFFAUG-RA-QA,https://orielstat.sharepoint.com/sites/amer-1468-staffaug-ra-qa,FALSE,https://validanto365.sharepoint.com/sites/OSAM-amer-1468-staffaug-ra-qa,,,,,,
Amy's Tasks,https://orielstat.sharepoint.com/sites/AmysTasks,FALSE,https://validanto365.sharepoint.com/sites/OSAM-AmysTasks,,,,,,
Amy's Test Kitchen,https://orielstat.sharepoint.com/sites/AmysTestKitchen,FALSE,https://validanto365.sharepoint.com/sites/OSAM-AmysTestKitchen,,,,,,
ANGE-1071-EU-MDR-TRANSITION,https://orielstat.sharepoint.com/sites/ange-1071-eu-mdr-transition,FALSE,https://validanto365.sharepoint.com/sites/OSAM-ange-1071-eu-mdr-transition,,,,,,
ANGE-1201-QMS-13485-QSR,https://orielstat.sharepoint.com/sites/ange-1201-qms-13485-qsr,FALSE,https://validanto365.sharepoint.com/sites/OSAM-ange-1201-qms-13485-qsr,,,,,,
ANGE-1281-DOC-REM,https://orielstat.sharepoint.com/sites/ange-1281-doc-rem,FALSE,https://validanto365.sharepoint.com/sites/OSAM-ange-1281-doc-rem,,,,,,
ANGE-1370-DOC-REM,https://orielstat.sharepoint.com/sites/ange-1370-doc-rem,FALSE,https://validanto365.sharepoint.com/sites/OSAM-ange-1370-doc-rem,,,,,,
Apps,https://orielstat.sharepoint.com/sites/appcatalog,FALSE,https://validanto365.sharepoint.com/sites/OSAM-appcatalog,,,,,,
BALC-1321-AUDIT-13485,https://orielstat.sharepoint.com/sites/balc-1321-audit-13485,FALSE,https://validanto365.sharepoint.com/sites/OSAM-balc-1321-audit-13485,,,,,,
BAYE-0653-MOCK-MDSAP,https://orielstat.sharepoint.com/sites/baye-0653-mock-mdsap,FALSE,https://validanto365.sharepoint.com/sites/OSAM-baye-0653-mock-mdsap,,,,,,
BAYE-0937-AUDIT-MDSAP-EUMDR,https://orielstat.sharepoint.com/sites/baye-0937-audit-mdsap,FALSE,https://validanto365.sharepoint.com/sites/OSAM-baye-0937-audit-mdsap,,,,,,
BAYE-1155-INTERNAL-MDR,https://orielstat.sharepoint.com/sites/baye-1155-internal-mdr,FALSE,https://validanto365.sharepoint.com/sites/OSAM-baye-1155-internal-mdr,,,,,,
BAYE-1518-INT- HYB,https://orielstat.sharepoint.com/sites/baye-1518-int-hyb,FALSE,https://validanto365.sharepoint.com/sites/OSAM-baye-1518-int-hyb,,,,,,
BAYE-1549-INT- HYB,https://orielstat.sharepoint.com/sites/baye-1549-int-hyb,FALSE,https://validanto365.sharepoint.com/sites/OSAM-baye-1549-int-hyb,,,,,,
BAYE-1553-INTERNAL-62304,https://orielstat.sharepoint.com/sites/baye-1553-internal-62304,FALSE,https://validanto365.sharepoint.com/sites/OSAM-baye-1553-internal-62304,,,,,,
BAYE-CON-AXSESS-MDR-MARCH2019-0383,https://orielstat.sharepoint.com/sites/baye-con-axsess-mdr-march2019-0383,FALSE,https://validanto365.sharepoint.com/sites/OSAM-baye-con-axsess-mdr-march2019-0383,,,,,,
BBBI-1259-EUA,https://orielstat.sharepoint.com/sites/bbbi-1259-eua,FALSE,https://validanto365.sharepoint.com/sites/OSAM-bbbi-1259-eua,,,,,,
BEMI-0545-510(K),https://orielstat.sharepoint.com/sites/bemi-0545-510k,FALSE,https://validanto365.sharepoint.com/sites/OSAM-bemi-0545-510k,,,,,,
BIOH-0929-CEMARK,https://orielstat.sharepoint.com/sites/bioh-0929-cemark,FALSE,https://validanto365.sharepoint.com/sites/OSAM-bioh-0929-cemark,,,,,,
BIOH-1164-AXSESS-MDR,https://orielstat.sharepoint.com/sites/bioh-1164-axsess-mdr,FALSE,https://validanto365.sharepoint.com/sites/OSAM-bioh-1164-axsess-mdr,,,,,,
BIOL-1546-EU-MDR-TRANSITION,https://orielstat.sharepoint.com/sites/biol-1546-eu-mdr-transition,FALSE,https://validanto365.sharepoint.com/sites/OSAM-biol-1546-eu-mdr-transition,,,,,,
BIOR-1215-AUDIT-MDSAP,https://orielstat.sharepoint.com/sites/bior-1215-audit-mdsap,FALSE,https://validanto365.sharepoint.com/sites/OSAM-bior-1215-audit-mdsap,,,,,,
BIOS-1265-BASE-IVDR,https://orielstat.sharepoint.com/sites/bios-1265-base-ivdr,FALSE,https://validanto365.sharepoint.com/sites/OSAM-bios-1265-base-ivdr,,,,,,
BMS Management,https://orielstat.sharepoint.com/sites/BMSManagement,FALSE,https://validanto365.sharepoint.com/sites/OSAM-BMSManagement,,,,,,
Bobby's Working Documents,https://orielstat.sharepoint.com/sites/BobbysWorkingDocuments,FALSE,https://validanto365.sharepoint.com/sites/OSAM-BobbysWorkingDocuments,,,,,,
BOST-1424-STAFFAUG-RA-QA,https://orielstat.sharepoint.com/sites/bost-1424-staffaug-ra-qa,FALSE,https://validanto365.sharepoint.com/sites/OSAM-bost-1424-staffaug-ra-qa,,,,,,
BOST-1602-SOFTWARE_CON,https://orielstat.sharepoint.com/sites/bost-1602-software_con,FALSE,https://validanto365.sharepoint.com/sites/OSAM-bost-1602-software_con,,,,,,
BSCI Superheroes,https://orielstat.sharepoint.com/sites/BSCISuperheroes,FALSE,https://validanto365.sharepoint.com/sites/OSAM-BSCISuperheroes,,,,,,
CAPA,https://orielstat.sharepoint.com/sites/CAPA,TRUE,https://validanto365.sharepoint.com/sites/OSAM-CAPA,,,,,,
CAPT-1087-AUDIT-QSR,https://orielstat.sharepoint.com/sites/capt-1087-audit-qsr,FALSE,https://validanto365.sharepoint.com/sites/OSAM-capt-1087-audit-qsr,,,,,,
CAPT-1568-AUDIT-QSR,https://orielstat.sharepoint.com/sites/capt-1568-audit-qsr,FALSE,https://validanto365.sharepoint.com/sites/OSAM-capt-1568-audit-qsr,,,,,,
Catalog,https://orielstat.sharepoint.com/sites/Catalog,TRUE,https://validanto365.sharepoint.com/sites/OSAM-Catalog,,,,,,
CERNER-CON-MOCK-MDSAP-JAN2018-0103,https://orielstat.sharepoint.com/sites/cerner-con-mock-mdsap-jan2018-0103,FALSE,https://validanto365.sharepoint.com/sites/OSAM-cerner-con-mock-mdsap-jan2018-0103,,,,,,
Charter Medical EU MDR Project,https://orielstat.sharepoint.com/sites/CharterMedicalEUMDRProject,TRUE,https://validanto365.sharepoint.com/sites/OSAM-CharterMedicalEUMDRProject,,,,,,
Chemence Medical Scoping,https://orielstat.sharepoint.com/sites/chemencemedicalscoping,FALSE,https://validanto365.sharepoint.com/sites/OSAM-chemencemedicalscoping,,,,,,
CHUR-1019-CEMARK,https://orielstat.sharepoint.com/sites/chur-1019-cemark,FALSE,https://validanto365.sharepoint.com/sites/OSAM-chur-1019-cemark,,,,,,
CHUR-1300-DOC-REM,https://orielstat.sharepoint.com/sites/chur-1300-doc-rem,FALSE,https://validanto365.sharepoint.com/sites/OSAM-chur-1300-doc-rem,,,,,,
CHUR-1357-DOC-REM,https://orielstat.sharepoint.com/sites/chur-1357-doc-rem,FALSE,https://validanto365.sharepoint.com/sites/OSAM-chur-1357-doc-rem,,,,,,
CHUR-1358-DOC-REM,https://orielstat.sharepoint.com/sites/chur-1358-doc-rem,FALSE,https://validanto365.sharepoint.com/sites/OSAM-chur-1358-doc-rem,,,,,,
CHUR-1530-QMS-HARMONIZATION,https://orielstat.sharepoint.com/sites/chur-1530-qms-harmonization,FALSE,https://validanto365.sharepoint.com/sites/OSAM-chur-1530-qms-harmonization,,,,,,
CHUR-1612-REGSTRAT-EU+US,https://orielstat.sharepoint.com/sites/chur-1612-regstrat-euus,FALSE,https://validanto365.sharepoint.com/sites/OSAM-chur-1612-regstrat-euus,,,,,,
COLL-1402-AUDIT-MDSAP,https://orielstat.sharepoint.com/sites/coll-1402-audit-mdsap,FALSE,https://validanto365.sharepoint.com/sites/OSAM-coll-1402-audit-mdsap,,,,,,
Communications Team Chat,https://orielstat.sharepoint.com/sites/CommunicationsTeamChat,TRUE,https://validanto365.sharepoint.com/sites/OSAM-CommunicationsTeamChat,,,,,,
CON-510(K)-OPTO-0047,https://orielstat.sharepoint.com/sites/con-510k-opto-0047,FALSE,https://validanto365.sharepoint.com/sites/OSAM-con-510k-opto-0047,,,,,,
CON-510(K)-SNOO-0022,https://orielstat.sharepoint.com/sites/con-510k-snoo-0022,FALSE,https://validanto365.sharepoint.com/sites/OSAM-con-510k-snoo-0022,,,,,,
CON-ASSESS13458-SPAC-0007,https://orielstat.sharepoint.com/sites/con-assess13458-spac-0007,FALSE,https://validanto365.sharepoint.com/sites/OSAM-con-assess13458-spac-0007,,,,,,
CON-AUDIT-13485/QSR-PHYS-0011,https://orielstat.sharepoint.com/sites/con-audit-13485qsr-phys-0011,FALSE,https://validanto365.sharepoint.com/sites/OSAM-con-audit-13485qsr-phys-0011,,,,,,
CON-AUDIT-QSR-PHYS-0048,https://orielstat.sharepoint.com/sites/con-audit-qsr-phys-0048,FALSE,https://validanto365.sharepoint.com/sites/OSAM-con-audit-qsr-phys-0048,,,,,,
CON-BASELINE-13458/QSR-JENX-0043,https://orielstat.sharepoint.com/sites/con-baseline-13458qsr-jenx-0043,FALSE,https://validanto365.sharepoint.com/sites/OSAM-con-baseline-13458qsr-jenx-0043,,,,,,
CON-DMAIC-OCTA-0031,https://orielstat.sharepoint.com/sites/octaq02-2017dmaicconsulting,FALSE,https://validanto365.sharepoint.com/sites/OSAM-octaq02-2017dmaicconsulting,,,,,,
CON-FDA483-ADBI-0015,https://orielstat.sharepoint.com/sites/adb,FALSE,https://validanto365.sharepoint.com/sites/OSAM-adb,,,,,,
CON-RA/QACONSULT-12SI-0013,https://orielstat.sharepoint.com/sites/con-raqaconsult-12si-0013,FALSE,https://validanto365.sharepoint.com/sites/OSAM-con-raqaconsult-12si-0013,,,,,,
CON-RA/QACONSULT-CIVC-0075,https://orielstat.sharepoint.com/sites/con-raqaconsult-civc-0075,FALSE,https://validanto365.sharepoint.com/sites/OSAM-con-raqaconsult-civc-0075,,,,,,
CON-RA/QACONSULT-PHYS-0010,https://orielstat.sharepoint.com/sites/con-raqaconsult-phys-0010,FALSE,https://validanto365.sharepoint.com/sites/OSAM-con-raqaconsult-phys-0010,,,,,,
CON-RA/QACONSULT-TISS-0005,https://orielstat.sharepoint.com/sites/con-raqaconsult-tiss-0005,FALSE,https://validanto365.sharepoint.com/sites/OSAM-con-raqaconsult-tiss-0005,,,,,,
CON-STRAT-GLOBAL-ADBI-0029,https://orielstat.sharepoint.com/sites/con-strat-global-adbi-0029,FALSE,https://validanto365.sharepoint.com/sites/OSAM-con-strat-global-adbi-0029,,,,,,
Consulting Project Management,https://orielstat.sharepoint.com/sites/ConsultingProjectManagement,FALSE,https://validanto365.sharepoint.com/sites/OSAM-ConsultingProjectManagement,,,,,,
CON-SUPPLIERAUDIT-CORN-0083,https://orielstat.sharepoint.com/sites/con-supplieraudit-corn-0083,FALSE,https://validanto365.sharepoint.com/sites/OSAM-con-supplieraudit-corn-0083,,,,,,
ConvaTec-Green Belt Projects-Deeside,https://orielstat.sharepoint.com/sites/convatec-greenbeltprojects-deeside,FALSE,https://validanto365.sharepoint.com/sites/OSAM-convatec-greenbeltprojects-deeside,,,,,,
ConvaTec-Green Belt Projects-Haina,https://orielstat.sharepoint.com/sites/convatec-greenbeltprojects-haina,FALSE,https://validanto365.sharepoint.com/sites/OSAM-convatec-greenbeltprojects-haina,,,,,,
ConvaTec-Green Belt Projects-North Carolina,https://orielstat.sharepoint.com/sites/convatec-greenbeltprojects-northcarolina,FALSE,https://validanto365.sharepoint.com/sites/OSAM-convatec-greenbeltprojects-northcarolina,,,,,,
COOK-0869-AXSESS-MDR,https://orielstat.sharepoint.com/sites/cook-0869-axsess-mdr,FALSE,https://validanto365.sharepoint.com/sites/OSAM-cook-0869-axsess-mdr,,,,,,
COOP-0591-EU-MDR-TRANSITION,https://orielstat.sharepoint.com/sites/coop-0591-eu-mdr-transition,FALSE,https://validanto365.sharepoint.com/sites/OSAM-coop-0591-eu-mdr-transition,,,,,,
COOP-0607-STAFFAUG-RA-QA,https://orielstat.sharepoint.com/sites/coop-0607-staffaug-ra-qa,FALSE,https://validanto365.sharepoint.com/sites/OSAM-coop-0607-staffaug-ra-qa,,,,,,
COOP-0945-PRODUCT SUBMISSIONS: JPN,https://orielstat.sharepoint.com/sites/coop-0945-productsubmissionsjpn,FALSE,https://validanto365.sharepoint.com/sites/OSAM-coop-0945-productsubmissionsjpn,,,,,,
COOP-1047-SOFTWARE_CON,https://orielstat.sharepoint.com/sites/coop-1047-software_con,FALSE,https://validanto365.sharepoint.com/sites/OSAM-coop-1047-software_con,,,,,,
COOP-1133-NPSW-VALIDATION,https://orielstat.sharepoint.com/sites/coop-1133-npsw-validation,FALSE,https://validanto365.sharepoint.com/sites/OSAM-coop-1133-npsw-validation,,,,,,
COOP-1176-AXSESS-MDR,https://orielstat.sharepoint.com/sites/coop-1176-axsess-mdr,FALSE,https://validanto365.sharepoint.com/sites/OSAM-coop-1176-axsess-mdr,,,,,,
COOP-1181-EU-MDR-TRANSITION,https://orielstat.sharepoint.com/sites/coop-1181-eu-mdr-transition,FALSE,https://validanto365.sharepoint.com/sites/OSAM-coop-1181-eu-mdr-transition,,,,,,
COOP-1193-STAFFAUG-RA-QA,https://orielstat.sharepoint.com/sites/coop-1193-staffaug-ra-qa,FALSE,https://validanto365.sharepoint.com/sites/OSAM-coop-1193-staffaug-ra-qa,,,,,,
Cooper Surgical 2021,https://orielstat.sharepoint.com/sites/coopersurgical2021,FALSE,https://validanto365.sharepoint.com/sites/OSAM-coopersurgical2021,,,,,,
Cooper Surgical Hold File,https://orielstat.sharepoint.com/sites/coopersurgicalholdfile,FALSE,https://validanto365.sharepoint.com/sites/OSAM-coopersurgicalholdfile,,,,,,
Cooper Surgical Product Remediation COOP-0645-CEMARK,https://orielstat.sharepoint.com/sites/coopersurgicalproductremediationcoop-0645-cemark,FALSE,https://validanto365.sharepoint.com/sites/OSAM-coopersurgicalproductremediationcoop-0645-cemark,,,,,,
CooperSurgical,https://orielstat.sharepoint.com/sites/coopersurgical,FALSE,https://validanto365.sharepoint.com/sites/OSAM-coopersurgical,,,,,,
CooperSurgical-QMS,https://orielstat.sharepoint.com/sites/coopersurgical-qms,FALSE,https://validanto365.sharepoint.com/sites/OSAM-coopersurgical-qms,,,,,,
COVID-19 TEAM 1 (VIRTUAL TRAINING),https://orielstat.sharepoint.com/sites/COVID-19TEAM1VIRTUALTRAINING,TRUE,https://validanto365.sharepoint.com/sites/OSAM-COVID-19TEAM1VIRTUALTRAINING,,,,,,
CRES-1210-QMS-ISO9,https://orielstat.sharepoint.com/sites/cres-1210-qms-iso9,FALSE,https://validanto365.sharepoint.com/sites/OSAM-cres-1210-qms-iso9,,,,,,
CRM Internal Project,https://orielstat.sharepoint.com/sites/crminternalproject,FALSE,https://validanto365.sharepoint.com/sites/OSAM-crminternalproject,,,,,,
CRS Course Development,https://orielstat.sharepoint.com/sites/crscoursedevelopment,FALSE,https://validanto365.sharepoint.com/sites/OSAM-crscoursedevelopment,,,,,,
Current Projects,https://orielstat.sharepoint.com/sites/CurrentProjects,FALSE,https://validanto365.sharepoint.com/sites/OSAM-CurrentProjects,,,,,,
Custom Courses,https://orielstat.sharepoint.com/sites/CustomCourses,FALSE,https://validanto365.sharepoint.com/sites/OSAM-CustomCourses,,,,,,
DEandI,https://orielstat.sharepoint.com/sites/deandi,FALSE,https://validanto365.sharepoint.com/sites/OSAM-deandi,,,,,,
DEEP-0965-BASELINE-13485,https://orielstat.sharepoint.com/sites/deep-0965-baseline-13485,FALSE,https://validanto365.sharepoint.com/sites/OSAM-deep-0965-baseline-13485,,,,,,
DEnI,https://orielstat.sharepoint.com/sites/DEnI,TRUE,https://validanto365.sharepoint.com/sites/OSAM-DEnI,,,,,,
Draeger Medical -MOCK-MDSAP-APR2018-0108,https://orielstat.sharepoint.com/sites/draegermedical-mock-mdsap-apr2018-0108,FALSE,https://validanto365.sharepoint.com/sites/OSAM-draegermedical-mock-mdsap-apr2018-0108,,,,,,
DUKA-1505-EU-MDR-TRANSITION,https://orielstat.sharepoint.com/sites/duka-1505-eu-mdr-transition,FALSE,https://validanto365.sharepoint.com/sites/OSAM-duka-1505-eu-mdr-transition,,,,,,
ECLI-0950-STAFFAUG-RA-QA,https://orielstat.sharepoint.com/sites/ecli-0950-staffaug-ra-qa,FALSE,https://validanto365.sharepoint.com/sites/OSAM-ecli-0950-staffaug-ra-qa,,,,,,
eCW pre-engagement info,https://orielstat.sharepoint.com/sites/eCWpre-engagementinfo,FALSE,https://validanto365.sharepoint.com/sites/OSAM-eCWpre-engagementinfo,,,,,,
EITA-1276-AXSESS-MDR,https://orielstat.sharepoint.com/sites/eita-1276-axsess-mdr,FALSE,https://validanto365.sharepoint.com/sites/OSAM-eita-1276-axsess-mdr,,,,,,
eLearning Team,https://orielstat.sharepoint.com/sites/eLearningTeam,TRUE,https://validanto365.sharepoint.com/sites/OSAM-eLearningTeam,,,,,,
ELEV-0777-BASELINE-13485,https://orielstat.sharepoint.com/sites/elev-0777-baseline-13485,FALSE,https://validanto365.sharepoint.com/sites/OSAM-elev-0777-baseline-13485,,,,,,
ELEV-0777-BASELINE-13485-NEW,https://orielstat.sharepoint.com/sites/elev-0777-baseline-13485-new,FALSE,https://validanto365.sharepoint.com/sites/OSAM-elev-0777-baseline-13485-new,,,,,,
EMF update,https://orielstat.sharepoint.com/sites/EMFupdate,FALSE,https://validanto365.sharepoint.com/sites/OSAM-EMFupdate,,,,,,
EMF-VILT EU MDR Implementation Training,https://orielstat.sharepoint.com/sites/EMF-VILTEUMDRImplementationTraining,TRUE,https://validanto365.sharepoint.com/sites/OSAM-EMF-VILTEUMDRImplementationTraining,,,,,,
ERCH-0493-AXSESS-MDR,https://orielstat.sharepoint.com/sites/erch-0493-axsess-mdr,FALSE,https://validanto365.sharepoint.com/sites/OSAM-erch-0493-axsess-mdr,,,,,,
ERCH-0578-BASE-MDR,https://orielstat.sharepoint.com/sites/erch-0578-base-mdr,FALSE,https://validanto365.sharepoint.com/sites/OSAM-erch-0578-base-mdr,,,,,,
ETHI-0681-AXSESS-MDR,https://orielstat.sharepoint.com/sites/ethi-0681-axsess-mdr,FALSE,https://validanto365.sharepoint.com/sites/OSAM-ethi-0681-axsess-mdr,,,,,,
ETHI-1393-INTERNAL-MDR,https://orielstat.sharepoint.com/sites/ethi-1393-internal-mdr,FALSE,https://validanto365.sharepoint.com/sites/OSAM-ethi-1393-internal-mdr,,,,,,
EU MDR Auditor Qualification,https://orielstat.sharepoint.com/sites/eumdrauditorqualification,FALSE,https://validanto365.sharepoint.com/sites/OSAM-eumdrauditorqualification,,,,,,
EU MDR Modules,https://orielstat.sharepoint.com/sites/EUMDRModules,FALSE,https://validanto365.sharepoint.com/sites/OSAM-EUMDRModules,,,,,,
EYEQ-1381-QMS-13485-QSR,https://orielstat.sharepoint.com/sites/eyeq-1381-qms-13485-qsr,FALSE,https://validanto365.sharepoint.com/sites/OSAM-eyeq-1381-qms-13485-qsr,,,,,,
FACI-0817-EUA,https://orielstat.sharepoint.com/sites/faci-0817-eua,FALSE,https://validanto365.sharepoint.com/sites/OSAM-faci-0817-eua,,,,,,
Feedback,https://orielstat.sharepoint.com/sites/Feedback,FALSE,https://validanto365.sharepoint.com/sites/OSAM-Feedback,,,,,,
Flowmet-AUDIT-13485-9001-APR2018-0193,https://orielstat.sharepoint.com/sites/flowmet-audit-13485-9001-apr2018-0193,FALSE,https://validanto365.sharepoint.com/sites/OSAM-flowmet-audit-13485-9001-apr2018-0193,,,,,,
FUJIREBIO-MOCK-MDSAP-JAN2018-0119,https://orielstat.sharepoint.com/sites/fuji-mock-mdsap-jan2018-0119,FALSE,https://validanto365.sharepoint.com/sites/OSAM-fuji-mock-mdsap-jan2018-0119,,,,,,
Gasco Team,https://orielstat.sharepoint.com/sites/gascoteam,FALSE,https://validanto365.sharepoint.com/sites/OSAM-gascoteam,,,,,,
GB Minitab Update,https://orielstat.sharepoint.com/sites/GBMinitabUpdate,FALSE,https://validanto365.sharepoint.com/sites/OSAM-GBMinitabUpdate,,,,,,
GENE-0466-510(K),https://orielstat.sharepoint.com/sites/gene-0466-510k,FALSE,https://validanto365.sharepoint.com/sites/OSAM-gene-0466-510k,,,,,,
GENE-1340-MOCK-MDSAP,https://orielstat.sharepoint.com/sites/gene-1340-mock-mdsap,FALSE,https://validanto365.sharepoint.com/sites/OSAM-gene-1340-mock-mdsap,,,,,,
Genomic Health,https://orielstat.sharepoint.com/sites/genomichealth,FALSE,https://validanto365.sharepoint.com/sites/OSAM-genomichealth,,,,,,
Getinge-PMA-VILT-Session,https://orielstat.sharepoint.com/sites/getinge-pma-vilt-session,FALSE,https://validanto365.sharepoint.com/sites/OSAM-getinge-pma-vilt-session,,,,,,
GLOB-0935-US REG STRAT,https://orielstat.sharepoint.com/sites/glob-0935-usregstrat,FALSE,https://validanto365.sharepoint.com/sites/OSAM-glob-0935-usregstrat,,,,,,
GLWM-1298-FDAMOCKAUDIT,https://orielstat.sharepoint.com/sites/glwm-1298-fdamockaudit,FALSE,https://validanto365.sharepoint.com/sites/OSAM-glwm-1298-fdamockaudit,,,,,,
GRAI-1555-PREASS-IVDR,https://orielstat.sharepoint.com/sites/grai-1555-preass-ivdr,FALSE,https://validanto365.sharepoint.com/sites/OSAM-grai-1555-preass-ivdr,,,,,,
Green Belt Files for Newell Brands License 2021,https://orielstat.sharepoint.com/sites/NewellBrandsGBLicense2021,FALSE,https://validanto365.sharepoint.com/sites/OSAM-NewellBrandsGBLicense2021,,,,,,
GSKC-0686-BASELINE-MDSAP,https://orielstat.sharepoint.com/sites/gskc-0686-baseline-mdsap,FALSE,https://validanto365.sharepoint.com/sites/OSAM-gskc-0686-baseline-mdsap,,,,,,
HENG-1542-REGSTRAT-EU+US,https://orielstat.sharepoint.com/sites/heng-1542-regstrat-euus,FALSE,https://validanto365.sharepoint.com/sites/OSAM-heng-1542-regstrat-euus,,,,,,
HRT-CON-REG-STRAT-Aug 2018-0259 & QSR-Oct-0281,https://orielstat.sharepoint.com/sites/hrt-con-reg-strat-global-aug2018-0259,FALSE,https://validanto365.sharepoint.com/sites/OSAM-hrt-con-reg-strat-global-aug2018-0259,,,,,,
IDET-1392-US REG STRAT,https://orielstat.sharepoint.com/sites/idet-1392-usregstrat,FALSE,https://validanto365.sharepoint.com/sites/OSAM-idet-1392-usregstrat,,,,,,
IMAG-0964-FDAMOCKAUDIT,https://orielstat.sharepoint.com/sites/imag-0964-fdamockaudit,FALSE,https://validanto365.sharepoint.com/sites/OSAM-imag-0964-fdamockaudit,,,,,,
INFL-1056-QMS-QSR,https://orielstat.sharepoint.com/sites/infl-1056-qms-qsr,FALSE,https://validanto365.sharepoint.com/sites/OSAM-infl-1056-qms-qsr,,,,,,
INFU-0738-BASE-MDR,https://orielstat.sharepoint.com/sites/infu-0738-base-mdr,FALSE,https://validanto365.sharepoint.com/sites/OSAM-infu-0738-base-mdr,,,,,,
INNA-1307-US REG STRAT,https://orielstat.sharepoint.com/sites/inna-1307-usregstrat,FALSE,https://validanto365.sharepoint.com/sites/OSAM-inna-1307-usregstrat,,,,,,
Inputs,https://orielstat.sharepoint.com/sites/Inputs,FALSE,https://validanto365.sharepoint.com/sites/OSAM-Inputs,,,,,,
Inputs to Training Materials,https://orielstat.sharepoint.com/sites/InputstoTrainingMaterials,FALSE,https://validanto365.sharepoint.com/sites/OSAM-InputstoTrainingMaterials,,,,,,
INST-1150-REGSTRAT-EU+US,https://orielstat.sharepoint.com/sites/inst-1150-regstrat-euus,FALSE,https://validanto365.sharepoint.com/sites/OSAM-inst-1150-regstrat-euus,,,,,,
INST-1292-US REG STRAT,https://orielstat.sharepoint.com/sites/inst-1292-usregstrat,FALSE,https://validanto365.sharepoint.com/sites/OSAM-inst-1292-usregstrat,,,,,,
Instructor Training Materials,https://orielstat.sharepoint.com/sites/Instructor_Files,FALSE,https://validanto365.sharepoint.com/sites/OSAM-Instructor_Files,,,,,,
INTE-0728-INT- HYB,https://orielstat.sharepoint.com/sites/inte-0728-int-hyb,FALSE,https://validanto365.sharepoint.com/sites/OSAM-inte-0728-int-hyb,,,,,,
Internal Audit,https://orielstat.sharepoint.com/sites/InternalAudit,TRUE,https://validanto365.sharepoint.com/sites/OSAM-InternalAudit,,,,,,
INTERNAL TRAINING,https://orielstat.sharepoint.com/sites/internaltraining,FALSE,https://validanto365.sharepoint.com/sites/OSAM-internaltraining,,,,,,
INTU-1203-AUDIT-14000,https://orielstat.sharepoint.com/sites/intu-1203-audit-14000,FALSE,https://validanto365.sharepoint.com/sites/OSAM-intu-1203-audit-14000,,,,,,
INVI-1268-IVDR-CON,https://orielstat.sharepoint.com/sites/invi-1268-ivdr-con,FALSE,https://validanto365.sharepoint.com/sites/OSAM-invi-1268-ivdr-con,,,,,,
IOPI-0987-AUDIT-13485/QSR,https://orielstat.sharepoint.com/sites/iopi-0987-audit-13485qsr,FALSE,https://validanto365.sharepoint.com/sites/OSAM-iopi-0987-audit-13485qsr,,,,,,
IOPI-1464-AUDIT-13485/QSR,https://orielstat.sharepoint.com/sites/iopi-1464-audit-13485qsr,FALSE,https://validanto365.sharepoint.com/sites/OSAM-iopi-1464-audit-13485qsr,,,,,,
IOQ Crew,https://orielstat.sharepoint.com/sites/IOQCrew,TRUE,https://validanto365.sharepoint.com/sites/OSAM-IOQCrew,,,,,,
IRHY-1061-MOCK-MDSAP,https://orielstat.sharepoint.com/sites/irhy-1061-mock-mdsap,FALSE,https://validanto365.sharepoint.com/sites/OSAM-irhy-1061-mock-mdsap,,,,,,
IRHY-1476-INT- HYB,https://orielstat.sharepoint.com/sites/irhy-1476-int-hyb,FALSE,https://validanto365.sharepoint.com/sites/OSAM-irhy-1476-int-hyb,,,,,,
IT Admin,https://orielstat.sharepoint.com/sites/ITAdmin,FALSE,https://validanto365.sharepoint.com/sites/OSAM-ITAdmin,,,,,,
ITWM-1284-CEMARK,https://orielstat.sharepoint.com/sites/itwm-1284-cemark,FALSE,https://validanto365.sharepoint.com/sites/OSAM-itwm-1284-cemark,,,,,,
IVOC-1211-INT- HYB,https://orielstat.sharepoint.com/sites/ivoc-1211-int-hyb,FALSE,https://validanto365.sharepoint.com/sites/OSAM-ivoc-1211-int-hyb,,,,,,
JAME-0942-US REG STRAT,https://orielstat.sharepoint.com/sites/jame-0942-usregstrat,FALSE,https://validanto365.sharepoint.com/sites/OSAM-jame-0942-usregstrat,,,,,,
JOER-0455-BASE-MDR,https://orielstat.sharepoint.com/sites/joer-0455-base-mdr,FALSE,https://validanto365.sharepoint.com/sites/OSAM-joer-0455-base-mdr,,,,,,
JOHN-0625-EU-MDR-TRANSITION,https://orielstat.sharepoint.com/sites/john-0625-eu-mdr-transition,FALSE,https://validanto365.sharepoint.com/sites/OSAM-john-0625-eu-mdr-transition,,,,,,
JOHN-0899-QMS-QSR,https://orielstat.sharepoint.com/sites/john-0899-qms-qsr,FALSE,https://validanto365.sharepoint.com/sites/OSAM-john-0899-qms-qsr,,,,,,
Johnson and Johnson,https://orielstat.sharepoint.com/sites/johnsonandjohnson,FALSE,https://validanto365.sharepoint.com/sites/OSAM-johnsonandjohnson,,,,,,
JUBI-0740-BASE-MDR,https://orielstat.sharepoint.com/sites/jubi-0740-base-mdr,FALSE,https://validanto365.sharepoint.com/sites/OSAM-jubi-0740-base-mdr,,,,,,
Jubilant EU MDR Transition Project OSAM Peeps,https://orielstat.sharepoint.com/sites/JubilantEUMDRTransitionProjectOSAMPeeps,TRUE,https://validanto365.sharepoint.com/sites/OSAM-JubilantEUMDRTransitionProjectOSAMPeeps,,,,,,
Just me,https://orielstat.sharepoint.com/sites/Justme,FALSE,https://validanto365.sharepoint.com/sites/OSAM-Justme,,,,,,
KB Project Planner,https://orielstat.sharepoint.com/sites/KBProjectPlanner,FALSE,https://validanto365.sharepoint.com/sites/OSAM-KBProjectPlanner,,,,,,
KING-1517-US REG STRAT,https://orielstat.sharepoint.com/sites/king-1517-usregstrat,FALSE,https://validanto365.sharepoint.com/sites/OSAM-king-1517-usregstrat,,,,,,
KLS-MOCK-MDSAP-DEC2017-0079,https://orielstat.sharepoint.com/sites/kls-mock-mdsap-dec2017-0079,FALSE,https://validanto365.sharepoint.com/sites/OSAM-kls-mock-mdsap-dec2017-0079,,,,,,
KORU Medical Systems Internal Audit - Nov 2021,https://orielstat.sharepoint.com/sites/KORUMedicalSystemsInternalAudit-Nov2021,TRUE,https://validanto365.sharepoint.com/sites/OSAM-KORUMedicalSystemsInternalAudit-Nov2021,,,,,,
KORU-0711-AUDIT-MDSAP,https://orielstat.sharepoint.com/sites/koru-0711-audit-mdsap,FALSE,https://validanto365.sharepoint.com/sites/OSAM-koru-0711-audit-mdsap,,,,,,
KORU-1399-BASE-MDR,https://orielstat.sharepoint.com/sites/koru-1399-base-mdr,FALSE,https://validanto365.sharepoint.com/sites/OSAM-koru-1399-base-mdr,,,,,,
KORU-1511-INT- HYB,https://orielstat.sharepoint.com/sites/koru-1511-int-hyb,FALSE,https://validanto365.sharepoint.com/sites/OSAM-koru-1511-int-hyb,,,,,,
KORU-1556-DOC-REM,https://orielstat.sharepoint.com/sites/koru-1556-doc-rem,FALSE,https://validanto365.sharepoint.com/sites/OSAM-koru-1556-doc-rem,,,,,,
KOVEN-ASSESS-QSR-13485-NOV2017-0100,https://orielstat.sharepoint.com/sites/koven-assess-qsr-13485-nov2017-0100,FALSE,https://validanto365.sharepoint.com/sites/OSAM-koven-assess-qsr-13485-nov2017-0100,,,,,,
KTHE-0663-QMS-13485-QSR,https://orielstat.sharepoint.com/sites/kthe-0663-qms-13485-qsr,FALSE,https://validanto365.sharepoint.com/sites/OSAM-kthe-0663-qms-13485-qsr,,,,,,
LACR-0785-AUDIT-13485/QSR,https://orielstat.sharepoint.com/sites/lacr-0785-audit-13485qsr,FALSE,https://validanto365.sharepoint.com/sites/OSAM-lacr-0785-audit-13485qsr,,,,,,
LACR-1042-BASE-MDR,https://orielstat.sharepoint.com/sites/lacr-1042-base-mdr,FALSE,https://validanto365.sharepoint.com/sites/OSAM-lacr-1042-base-mdr,,,,,,
LACR-1288-AUDIT-13485/QSR,https://orielstat.sharepoint.com/sites/lacr-1288-audit-13485qsr,FALSE,https://validanto365.sharepoint.com/sites/OSAM-lacr-1288-audit-13485qsr,,,,,,
LeadershipTeam,https://orielstat.sharepoint.com/sites/LeadershipTeam,FALSE,https://validanto365.sharepoint.com/sites/OSAM-LeadershipTeam,,,,,,
Libby Farrelly PM,https://orielstat.sharepoint.com/sites/LibbyFarrellyPM,FALSE,https://validanto365.sharepoint.com/sites/OSAM-LibbyFarrellyPM,,,,,,
Lo que sea,https://orielstat.sharepoint.com/sites/Loquesea,TRUE,https://validanto365.sharepoint.com/sites/OSAM-Loquesea,,,,,,
LUME-0514-BASE-MDR,https://orielstat.sharepoint.com/sites/lume-eu-mdr-transition-jan2019-0315,FALSE,https://validanto365.sharepoint.com/sites/OSAM-lume-eu-mdr-transition-jan2019-0315,,,,,,
LUME-0725-FDA-INSPECTION READINESS,https://orielstat.sharepoint.com/sites/lume-0725-fda-inspectionreadiness,FALSE,https://validanto365.sharepoint.com/sites/OSAM-lume-0725-fda-inspectionreadiness,,,,,,
LUME-1041-DOC-REM,https://orielstat.sharepoint.com/sites/lume-1041-doc-rem,FALSE,https://validanto365.sharepoint.com/sites/OSAM-lume-1041-doc-rem,,,,,,
LUME-1481-SUPPLIER-AUDIT-13485,https://orielstat.sharepoint.com/sites/lume-1481-supplier-audit-13485,FALSE,https://validanto365.sharepoint.com/sites/OSAM-lume-1481-supplier-audit-13485,,,,,,
LUME-1596-SUPPLIER-AUDIT-QSR-13485,https://orielstat.sharepoint.com/sites/lume-1596-supplier-audit-qsr-13485,FALSE,https://validanto365.sharepoint.com/sites/OSAM-lume-1596-supplier-audit-qsr-13485,,,,,,
LUPI-1415-CEMARK,https://orielstat.sharepoint.com/sites/lupi-1415-cemark,FALSE,https://validanto365.sharepoint.com/sites/OSAM-lupi-1415-cemark,,,,,,
LUTO-CON-QMS-13485-QSR-Aug 2018-0271,https://orielstat.sharepoint.com/sites/luto-con-qms-13485-qsr-aug2018-0271,FALSE,https://validanto365.sharepoint.com/sites/OSAM-luto-con-qms-13485-qsr-aug2018-0271,,,,,,
Lynch,https://orielstat.sharepoint.com/sites/Lynch,TRUE,https://validanto365.sharepoint.com/sites/OSAM-Lynch,,,,,,
MALL-0977-AXSESS-MDR,https://orielstat.sharepoint.com/sites/mall-0977-axsess-mdr,FALSE,https://validanto365.sharepoint.com/sites/OSAM-mall-0977-axsess-mdr,,,,,,
Marash Family Docs,https://orielstat.sharepoint.com/sites/MarashFamilyDocs,FALSE,https://validanto365.sharepoint.com/sites/OSAM-MarashFamilyDocs,,,,,,
MART-0876-510(K),https://orielstat.sharepoint.com/sites/mart-0876-510k,FALSE,https://validanto365.sharepoint.com/sites/OSAM-mart-0876-510k,,,,,,
MART-1021-QMS-QSR,https://orielstat.sharepoint.com/sites/mart-1021-qms-qsr,FALSE,https://validanto365.sharepoint.com/sites/OSAM-mart-1021-qms-qsr,,,,,,
MART-1487-QMS-QSR,https://orielstat.sharepoint.com/sites/mart-1487-qms-qsr,FALSE,https://validanto365.sharepoint.com/sites/OSAM-mart-1487-qms-qsr,,,,,,
MATT-1057-FDARECALL,https://orielstat.sharepoint.com/sites/matt-1057-fdarecall,FALSE,https://validanto365.sharepoint.com/sites/OSAM-matt-1057-fdarecall,,,,,,
MDSAP MidMark,https://orielstat.sharepoint.com/sites/mdsapmidmark,FALSE,https://validanto365.sharepoint.com/sites/OSAM-mdsapmidmark,,,,,,
MEDC-0621-EU-MDR-TRANSITION,https://orielstat.sharepoint.com/sites/medc-0621-eu-mdr-transition,FALSE,https://validanto365.sharepoint.com/sites/OSAM-medc-0621-eu-mdr-transition,,,,,,
MEDC-0746-QMS-QSR,https://orielstat.sharepoint.com/sites/medc-0746-qms-qsr,FALSE,https://validanto365.sharepoint.com/sites/OSAM-medc-0746-qms-qsr,,,,,,
MEDC-1040-AXSESS-MDR,https://orielstat.sharepoint.com/sites/medc-1040-axsess-mdr,FALSE,https://validanto365.sharepoint.com/sites/OSAM-medc-1040-axsess-mdr,,,,,,
MEDC-1279-STAFFAUG-RA-QA,https://orielstat.sharepoint.com/sites/medc-1279-staffaug-ra-qa,FALSE,https://validanto365.sharepoint.com/sites/OSAM-medc-1279-staffaug-ra-qa,,,,,,
MEDI-1412-AUDIT-13485/QSR,https://orielstat.sharepoint.com/sites/medi-1412-audit-13485qsr,FALSE,https://validanto365.sharepoint.com/sites/OSAM-medi-1412-audit-13485qsr,,,,,,
MEDIFLEX-MOCK-NOV2018-0080,https://orielstat.sharepoint.com/sites/mediflex-mock-nov2018-0080,FALSE,https://validanto365.sharepoint.com/sites/OSAM-mediflex-mock-nov2018-0080,,,,,,
MEDT-1293-SOFTWARE_CON,https://orielstat.sharepoint.com/sites/medt-1293-software_con,FALSE,https://validanto365.sharepoint.com/sites/OSAM-medt-1293-software_con,,,,,,
MEDT-1401-EU-MDR-TRANSITION,https://orielstat.sharepoint.com/sites/medt-1401-eu-mdr-transition,FALSE,https://validanto365.sharepoint.com/sites/OSAM-medt-1401-eu-mdr-transition,,,,,,
MEDT-1461-AUDIT-13485/QSR,https://orielstat.sharepoint.com/sites/medt-1461-audit-13485qsr,FALSE,https://validanto365.sharepoint.com/sites/OSAM-medt-1461-audit-13485qsr,,,,,,
MEDT-1467-AUDIT-13485/QSR,https://orielstat.sharepoint.com/sites/medt-1467-audit-13485qsr,FALSE,https://validanto365.sharepoint.com/sites/OSAM-medt-1467-audit-13485qsr,,,,,,
MEDT-1523-AUDIT-MDSAP,https://orielstat.sharepoint.com/sites/medt-1523-audit-mdsap,FALSE,https://validanto365.sharepoint.com/sites/OSAM-medt-1523-audit-mdsap,,,,,,
MEDT-1570-INTERNAL-MDR,https://orielstat.sharepoint.com/sites/medt-1570-internal-mdr,FALSE,https://validanto365.sharepoint.com/sites/OSAM-medt-1570-internal-mdr,,,,,,
MEDT-1580-INT- HYB,https://orielstat.sharepoint.com/sites/medt-1580-int-hyb,FALSE,https://validanto365.sharepoint.com/sites/OSAM-medt-1580-int-hyb,,,,,,
MEDT-1583-INT- HYB,https://orielstat.sharepoint.com/sites/medt-1583-int-hyb,FALSE,https://validanto365.sharepoint.com/sites/OSAM-medt-1583-int-hyb,,,,,,
MEDT-1611-FDAMOCKAUDIT,https://orielstat.sharepoint.com/sites/medt-1611-fdamockaudit,FALSE,https://validanto365.sharepoint.com/sites/OSAM-medt-1611-fdamockaudit,,,,,,
Medtech Insight,https://orielstat.sharepoint.com/sites/MedtechInsight,FALSE,https://validanto365.sharepoint.com/sites/OSAM-MedtechInsight,,,,,,
Medtech Insight Weekly Issue,https://orielstat.sharepoint.com/sites/MedtechInsightWeeklyIssue,FALSE,https://validanto365.sharepoint.com/sites/OSAM-MedtechInsightWeeklyIssue,,,,,,
Medtech Insight Weekly Issues,https://orielstat.sharepoint.com/sites/MedtechInsightWeeklyIssues2,FALSE,https://validanto365.sharepoint.com/sites/OSAM-MedtechInsightWeeklyIssues2,,,,,,
Merck Design Control Training,https://orielstat.sharepoint.com/sites/merckdesigncontroltraining,FALSE,https://validanto365.sharepoint.com/sites/OSAM-merckdesigncontroltraining,,,,,,
MICR-1053-INTERNAL-MDR,https://orielstat.sharepoint.com/sites/micr-1053-internal-mdr,FALSE,https://validanto365.sharepoint.com/sites/OSAM-micr-1053-internal-mdr,,,,,,
MICR-1303-US REG STRAT,https://orielstat.sharepoint.com/sites/micr-1303-usregstrat,FALSE,https://validanto365.sharepoint.com/sites/OSAM-micr-1303-usregstrat,,,,,,
MOLG-1434-ASSESS-QSR-13485,https://orielstat.sharepoint.com/sites/molg-1434-assess-qsr-13485,FALSE,https://validanto365.sharepoint.com/sites/OSAM-molg-1434-assess-qsr-13485,,,,,,
MPBI-1255-EUA,https://orielstat.sharepoint.com/sites/mpbi-1255-eua,FALSE,https://validanto365.sharepoint.com/sites/OSAM-mpbi-1255-eua,,,,,,
NELA-1031-PMA,https://orielstat.sharepoint.com/sites/nela-1031-pma,FALSE,https://validanto365.sharepoint.com/sites/OSAM-nela-1031-pma,,,,,,
NEOC-0946-AUDIT-13485/QSR,https://orielstat.sharepoint.com/sites/neoc-0946-audit-13485qsr,FALSE,https://validanto365.sharepoint.com/sites/OSAM-neoc-0946-audit-13485qsr,,,,,,
NEOC-1398-AUDIT-13485/QSR,https://orielstat.sharepoint.com/sites/neoc-1398-audit-13485qsr,FALSE,https://validanto365.sharepoint.com/sites/OSAM-neoc-1398-audit-13485qsr,,,,,,
NEPH-0444-RA/QACONSULT,https://orielstat.sharepoint.com/sites/neph-0444-raqaconsult,FALSE,https://validanto365.sharepoint.com/sites/OSAM-neph-0444-raqaconsult,,,,,,
NEPH-0633-BASELINE-MDSAP,https://orielstat.sharepoint.com/sites/neph-0633-baseline-mdsap,FALSE,https://validanto365.sharepoint.com/sites/OSAM-neph-0633-baseline-mdsap,,,,,,
NEPH-0698-AUDIT-MDSAP,https://orielstat.sharepoint.com/sites/neph-0698-audit-mdsap,FALSE,https://validanto365.sharepoint.com/sites/OSAM-neph-0698-audit-mdsap,,,,,,
NEPH-1005-AUDIT-MDSAP,https://orielstat.sharepoint.com/sites/neph-1005-audit-mdsap,FALSE,https://validanto365.sharepoint.com/sites/OSAM-neph-1005-audit-mdsap,,,,,,
NEPH-1343-AUDIT-MDSAP-1344-EUMDR,https://orielstat.sharepoint.com/sites/neph-1343-audit-mdsap-1344-eumdr,FALSE,https://validanto365.sharepoint.com/sites/OSAM-neph-1343-audit-mdsap-1344-eumdr,,,,,,
NEPH-1383-QMS-13485-QSR,https://orielstat.sharepoint.com/sites/neph-1383-qms-13485-qsr,FALSE,https://validanto365.sharepoint.com/sites/OSAM-neph-1383-qms-13485-qsr,,,,,,
NEUR-0974-510(K),https://orielstat.sharepoint.com/sites/neur-0974-510k,FALSE,https://validanto365.sharepoint.com/sites/OSAM-neur-0974-510k,,,,,,
NEUR-1191-EU-MDR-TRANSITION,https://orielstat.sharepoint.com/sites/neur-1191-eu-mdr-transition,FALSE,https://validanto365.sharepoint.com/sites/OSAM-neur-1191-eu-mdr-transition,,,,,,
Newell Brands SGM,https://orielstat.sharepoint.com/sites/newellbrandssgm,FALSE,https://validanto365.sharepoint.com/sites/OSAM-newellbrandssgm,,,,,,
NEWY-1037-SOFTWARE_CON,https://orielstat.sharepoint.com/sites/newy-1037-software_con,FALSE,https://validanto365.sharepoint.com/sites/OSAM-newy-1037-software_con,,,,,,
Nongshim Green Belt Documents,https://orielstat.sharepoint.com/sites/nongshimgreenbeltdocuments,FALSE,https://validanto365.sharepoint.com/sites/OSAM-nongshimgreenbeltdocuments,,,,,,
Nongshim Training,https://orielstat.sharepoint.com/sites/nongshimtraining,FALSE,https://validanto365.sharepoint.com/sites/OSAM-nongshimtraining,,,,,,
NOUS-1460-510(K),https://orielstat.sharepoint.com/sites/nous-1460-510k,FALSE,https://validanto365.sharepoint.com/sites/OSAM-nous-1460-510k,,,,,,
NOVA-1237-510(K),https://orielstat.sharepoint.com/sites/nova-1237-510k,FALSE,https://validanto365.sharepoint.com/sites/OSAM-nova-1237-510k,,,,,,
NPME-1320-STAFFAUG-RA-QA,https://orielstat.sharepoint.com/sites/npme-1320-staffaug-ra-qa,FALSE,https://validanto365.sharepoint.com/sites/OSAM-npme-1320-staffaug-ra-qa,,,,,,
OASI-1566-AUDIT-MDSAP,https://orielstat.sharepoint.com/sites/oasi-1566-audit-mdsap,FALSE,https://validanto365.sharepoint.com/sites/OSAM-oasi-1566-audit-mdsap,,,,,,
Offset x Opportunity,https://orielstat.sharepoint.com/sites/OffsetxOpportunity,FALSE,https://validanto365.sharepoint.com/sites/OSAM-OffsetxOpportunity,,,,,,
OH_OSM_DEVT_0047,https://orielstat.sharepoint.com/sites/oh_osm_devt_0047,FALSE,https://validanto365.sharepoint.com/sites/OSAM-oh_osm_devt_0047,,,,,,
ONS_DBF_GUA_1774_0674,https://orielstat.sharepoint.com/sites/ons_dbf_gua_1774_0674,FALSE,https://validanto365.sharepoint.com/sites/OSAM-ons_dbf_gua_1774_0674,,,,,,
ONS_EMF_PHY_1511_0542,https://orielstat.sharepoint.com/sites/ons_emf_phy_1511_0542,FALSE,https://validanto365.sharepoint.com/sites/OSAM-ons_emf_phy_1511_0542,,,,,,
Oriel GRFFVIR07122021,https://orielstat.sharepoint.com/sites/OrielGRFFVIR07122021,TRUE,https://validanto365.sharepoint.com/sites/OSAM-OrielGRFFVIR07122021,,,,,,
Oriel STAT A MATRIX Communications,https://orielstat.sharepoint.com/sites/OrielSTATAMATRIXCommunications,TRUE,https://validanto365.sharepoint.com/sites/OSAM-OrielSTATAMATRIXCommunications,,,,,,
Oriel STAT A MATRIX Intranet,https://orielstat.sharepoint.com/sites/Intranet,FALSE,https://validanto365.sharepoint.com/sites/OSAM-Intranet,,,,,,
Oriel STAT A MATRIX Intranet,https://orielstat.sharepoint.com,FALSE,https://validanto365.sharepoint.com/sites/OSAM-orielstat.sharepoint.com,,,,,,
Oriel STAT A MATRIX Root Cause Analysis License Files for Terumo,https://orielstat.sharepoint.com/sites/OrielSTATAMATRIXRootCauseAnalysisLicenseFilesforTerumo,FALSE,https://validanto365.sharepoint.com/sites/OSAM-OrielSTATAMATRIXRootCauseAnalysisLicenseFilesforTerumo,,,,,,
Oriel STAT Employees,https://orielstat.sharepoint.com/sites/orielstatemployees,FALSE,https://validanto365.sharepoint.com/sites/OSAM-orielstatemployees,,,,,,
Oriel STAT Training,https://orielstat.sharepoint.com/sites/OrielSTATTraining,FALSE,https://validanto365.sharepoint.com/sites/OSAM-OrielSTATTraining,,,,,,
ORTH-0401-QMS-13485-QSR,https://orielstat.sharepoint.com/sites/orth-0401-qms-13485-qsr2,FALSE,https://validanto365.sharepoint.com/sites/OSAM-orth-0401-qms-13485-qsr2,,,,,,
ORTH-1433-INT AUDIT: 13485/62304,https://orielstat.sharepoint.com/sites/orth-1433-intaudit1348562304,FALSE,https://validanto365.sharepoint.com/sites/OSAM-orth-1433-intaudit1348562304,,,,,,
ORTH-1601-INT AUDIT: 13485/62304,https://orielstat.sharepoint.com/sites/orth-1601-intaudit1348562304,FALSE,https://validanto365.sharepoint.com/sites/OSAM-orth-1601-intaudit1348562304,,,,,,
OSAM Archive,https://orielstat.sharepoint.com/sites/osamarchive,FALSE,https://validanto365.sharepoint.com/sites/OSAM-osamarchive,,,,,,
OSAM Regulatory,https://orielstat.sharepoint.com/sites/OSAMRegulatory,TRUE,https://validanto365.sharepoint.com/sites/OSAM-OSAMRegulatory,,,,,,
OSAM_Accounting,https://orielstat.sharepoint.com/sites/OSAM_Accounting,FALSE,https://validanto365.sharepoint.com/sites/OSAM-OSAM_Accounting,,,,,,
OSAM_DEnI,https://orielstat.sharepoint.com/sites/OSAM_DEnI,FALSE,https://validanto365.sharepoint.com/sites/OSAM-OSAM_DEnI,,,,,,
OSAM_HR,https://orielstat.sharepoint.com/sites/OSAM_HR,FALSE,https://validanto365.sharepoint.com/sites/OSAM-OSAM_HR,,,,,,
OSAM_Payroll,https://orielstat.sharepoint.com/sites/osam_payroll,FALSE,https://validanto365.sharepoint.com/sites/OSAM-osam_payroll,,,,,,
OUTS-1172-QMS-13485-QSR,https://orielstat.sharepoint.com/sites/outs-1172-qms-13485-qsr,FALSE,https://validanto365.sharepoint.com/sites/OSAM-outs-1172-qms-13485-qsr,,,,,,
PARA-0556-EU-MDR-TRANSITION,https://orielstat.sharepoint.com/sites/para-0556-eu-mdr-transition,FALSE,https://validanto365.sharepoint.com/sites/OSAM-para-0556-eu-mdr-transition,,,,,,
PARA-0884-AXSESS-MDR,https://orielstat.sharepoint.com/sites/para-0884-axsess-mdr,FALSE,https://validanto365.sharepoint.com/sites/OSAM-para-0884-axsess-mdr,,,,,,
PENU-1435-INT- HYB,https://orielstat.sharepoint.com/sites/penu-1435-int-hyb,FALSE,https://validanto365.sharepoint.com/sites/OSAM-penu-1435-int-hyb,,,,,,
PERC-1175-EU-MDR-TRANSITION,https://orielstat.sharepoint.com/sites/perc-1175-eu-mdr-transition,FALSE,https://validanto365.sharepoint.com/sites/OSAM-perc-1175-eu-mdr-transition,,,,,,
PFIZ-0406-QMS-QSR,https://orielstat.sharepoint.com/sites/pfiz-0406-qms-qsr,FALSE,https://validanto365.sharepoint.com/sites/OSAM-pfiz-0406-qms-qsr,,,,,,
PFIZ-0420-SUPPLIER-AUDIT-QSR-13485,https://orielstat.sharepoint.com/sites/pfiz-0420-supplier-audit-qsr-13485,FALSE,https://validanto365.sharepoint.com/sites/OSAM-pfiz-0420-supplier-audit-qsr-13485,,,,,,
PFIZ-0587-EU-MDR-TRANSITION,https://orielstat.sharepoint.com/sites/pfiz-0587-eu-mdr-transition,FALSE,https://validanto365.sharepoint.com/sites/OSAM-pfiz-0587-eu-mdr-transition,,,,,,
PFIZ-0589-AUDIT-13485/QSR,https://orielstat.sharepoint.com/sites/pfiz-0589-audit-13485qsr,FALSE,https://validanto365.sharepoint.com/sites/OSAM-pfiz-0589-audit-13485qsr,,,,,,
PFIZ-0696-SUPPLIER-AUDIT-QSR-13485,https://orielstat.sharepoint.com/sites/pfiz-0696-supplier-audit-qsr-13485,FALSE,https://validanto365.sharepoint.com/sites/OSAM-pfiz-0696-supplier-audit-qsr-13485,,,,,,
PFIZ-0756-EU-MDR-TRANSITION,https://orielstat.sharepoint.com/sites/pfiz-0756-eu-mdr-transition,FALSE,https://validanto365.sharepoint.com/sites/OSAM-pfiz-0756-eu-mdr-transition,,,,,,
PFIZ-1015-AUDIT-13485/QSR,https://orielstat.sharepoint.com/sites/pfiz-1015-audit-13485qsr,FALSE,https://validanto365.sharepoint.com/sites/OSAM-pfiz-1015-audit-13485qsr,,,,,,
Pharma 22,https://orielstat.sharepoint.com/sites/Pharma22,FALSE,https://validanto365.sharepoint.com/sites/OSAM-Pharma22,,,,,,
PhaseOrtho MDSAP Audit,https://orielstat.sharepoint.com/sites/PhaseOrthoMDSAPAudit,TRUE,https://validanto365.sharepoint.com/sites/OSAM-PhaseOrthoMDSAPAudit,,,,,,
Philips North America,https://orielstat.sharepoint.com/sites/philipsnorthamerica,FALSE,https://validanto365.sharepoint.com/sites/OSAM-philipsnorthamerica,,,,,,
Physio Control-AUDIT-13485/QSR-May2018-0213,https://orielstat.sharepoint.com/sites/physiocontrol-audit-13485qsr-may2018-0213,FALSE,https://validanto365.sharepoint.com/sites/OSAM-physiocontrol-audit-13485qsr-may2018-0213,,,,,,
POLL-1356-BASE-MDR,https://orielstat.sharepoint.com/sites/poll-1356-base-mdr,FALSE,https://validanto365.sharepoint.com/sites/OSAM-poll-1356-base-mdr,,,,,,
PORE-1089-US REG STRAT,https://orielstat.sharepoint.com/sites/pore-1089-usregstrat,FALSE,https://validanto365.sharepoint.com/sites/OSAM-pore-1089-usregstrat,,,,,,
Practice Planning,https://orielstat.sharepoint.com/sites/PracticePlanning,FALSE,https://validanto365.sharepoint.com/sites/OSAM-PracticePlanning,,,,,,
PREC-1251-BASE-MDR,https://orielstat.sharepoint.com/sites/prec-1251-base-mdr,FALSE,https://validanto365.sharepoint.com/sites/OSAM-prec-1251-base-mdr,,,,,,
PROJ-1076-DUE-DILIGENCE,https://orielstat.sharepoint.com/sites/proj-1076-due-diligence,FALSE,https://validanto365.sharepoint.com/sites/OSAM-proj-1076-due-diligence,,,,,,
Project Web App,https://orielstat.sharepoint.com/sites/pwa,FALSE,https://validanto365.sharepoint.com/sites/OSAM-pwa,,,,,,
PROS-0875-AUDIT-13485/QSR,https://orielstat.sharepoint.com/sites/pros-0875-audit-13485qsr,FALSE,https://validanto365.sharepoint.com/sites/OSAM-pros-0875-audit-13485qsr,,,,,,
PROS-1222-AUDIT-13485/QSR,https://orielstat.sharepoint.com/sites/pros-1222-audit-13485qsr,FALSE,https://validanto365.sharepoint.com/sites/OSAM-pros-1222-audit-13485qsr,,,,,,
QADV-1336-EUA,https://orielstat.sharepoint.com/sites/qadv-1336-eua,FALSE,https://validanto365.sharepoint.com/sites/OSAM-qadv-1336-eua,,,,,,
RCX Emodule,https://orielstat.sharepoint.com/sites/RCXEmodule,FALSE,https://validanto365.sharepoint.com/sites/OSAM-RCXEmodule,,,,,,
Remote Audit Team,https://orielstat.sharepoint.com/sites/RemoteAuditTeam,FALSE,https://validanto365.sharepoint.com/sites/OSAM-RemoteAuditTeam,,,,,,
RMF File Remediation,https://orielstat.sharepoint.com/sites/rmffileremediation,FALSE,https://validanto365.sharepoint.com/sites/OSAM-rmffileremediation,,,,,,
RMF- R3,https://orielstat.sharepoint.com/sites/RMF-R3,FALSE,https://validanto365.sharepoint.com/sites/OSAM-RMF-R3,,,,,,
ROCHE-STAFFAUG-RA-QA-JAN2018-0105,https://orielstat.sharepoint.com/sites/con-staffaug-ra-qa-roch-0105,FALSE,https://validanto365.sharepoint.com/sites/OSAM-con-staffaug-ra-qa-roch-0105,,,,,,
RUHO-0603-510K,https://orielstat.sharepoint.com/sites/ruho-0603-510k,FALSE,https://validanto365.sharepoint.com/sites/OSAM-ruho-0603-510k,,,,,,
RUHO-0652-510(K),https://orielstat.sharepoint.com/sites/ruho-0652-510k,FALSE,https://validanto365.sharepoint.com/sites/OSAM-ruho-0652-510k,,,,,,
RUHO-0809-510(K),https://orielstat.sharepoint.com/sites/ruho-0809-510k,FALSE,https://validanto365.sharepoint.com/sites/OSAM-ruho-0809-510k,,,,,,
RUHO-1185-EUA,https://orielstat.sharepoint.com/sites/ruho-1185-eua,FALSE,https://validanto365.sharepoint.com/sites/OSAM-ruho-1185-eua,,,,,,
RUHO-1195-DENOVO,https://orielstat.sharepoint.com/sites/ruho-1195-denovo,FALSE,https://validanto365.sharepoint.com/sites/OSAM-ruho-1195-denovo,,,,,,
S2EQ-1453-FDAMOCKAUDIT,https://orielstat.sharepoint.com/sites/s2eq-1453-fdamockaudit,FALSE,https://validanto365.sharepoint.com/sites/OSAM-s2eq-1453-fdamockaudit,,,,,,
SAFE-1429-IVDR-CON,https://orielstat.sharepoint.com/sites/safe-1429-ivdr-con,FALSE,https://validanto365.sharepoint.com/sites/OSAM-safe-1429-ivdr-con,,,,,,
SAGE-0627-INT-GMP210-211,https://orielstat.sharepoint.com/sites/sage-0627-int-gmp210-211,FALSE,https://validanto365.sharepoint.com/sites/OSAM-sage-0627-int-gmp210-211,,,,,,
SAGE-1116-INTERNAL - MDR + 13485 + QSR,https://orielstat.sharepoint.com/sites/sage-1116-internal-mdrmdsap,FALSE,https://validanto365.sharepoint.com/sites/OSAM-sage-1116-internal-mdrmdsap,,,,,,
SAGE-1346-AUDIT-PHARM,https://orielstat.sharepoint.com/sites/sage-1346-audit-pharm,FALSE,https://validanto365.sharepoint.com/sites/OSAM-sage-1346-audit-pharm,,,,,,
Sales and Marketing,https://orielstat.sharepoint.com/sites/SalesandMarketing,FALSE,https://validanto365.sharepoint.com/sites/OSAM-SalesandMarketing,,,,,,
Saluber- Multitask Projects,https://orielstat.sharepoint.com/sites/saluber-multitaskprojects,FALSE,https://validanto365.sharepoint.com/sites/OSAM-saluber-multitaskprojects,,,,,,
SALU-CON-510(K)-0019,https://orielstat.sharepoint.com/sites/con-510k-salu-0019,FALSE,https://validanto365.sharepoint.com/sites/OSAM-con-510k-salu-0019,,,,,,
SALU-CON-BASELINE-13458-Nov.2018-0338,https://orielstat.sharepoint.com/sites/salu-con-baseline-13458-nov.2018-0338,FALSE,https://validanto365.sharepoint.com/sites/OSAM-salu-con-baseline-13458-nov.2018-0338,,,,,,
SALU-PE-GENCONS-May2018-0226,https://orielstat.sharepoint.com/sites/salu-pe-gencons-may2018-0226,FALSE,https://validanto365.sharepoint.com/sites/OSAM-salu-pe-gencons-may2018-0226,,,,,,
SCIE-CON-BASELINE-13458/QSR-AUG2018-0255,https://orielstat.sharepoint.com/sites/scie-con-baseline-13458qsr-aug2018-0255,FALSE,https://validanto365.sharepoint.com/sites/OSAM-scie-con-baseline-13458qsr-aug2018-0255,,,,,,
SCIENION-QMS-13485-0129,https://orielstat.sharepoint.com/sites/scienion-qms-13485-0129,FALSE,https://validanto365.sharepoint.com/sites/OSAM-scienion-qms-13485-0129,,,,,,
Screen Share Test Team,https://orielstat.sharepoint.com/sites/ScreenShareTestTeam,FALSE,https://validanto365.sharepoint.com/sites/OSAM-ScreenShareTestTeam,,,,,,
SEEG-1072-BASE-IVDR,https://orielstat.sharepoint.com/sites/seeg-1072-base-ivdr,FALSE,https://validanto365.sharepoint.com/sites/OSAM-seeg-1072-base-ivdr,,,,,,
SHAP-1206-EU-MDR-TRANSITION,https://orielstat.sharepoint.com/sites/shap-1206-eu-mdr-transition,FALSE,https://validanto365.sharepoint.com/sites/OSAM-shap-1206-eu-mdr-transition,,,,,,
SHOC-1232-QMS-14000,https://orielstat.sharepoint.com/sites/shoc-1232-qms-14000,FALSE,https://validanto365.sharepoint.com/sites/OSAM-shoc-1232-qms-14000,,,,,,
SOPHiA Genetics Training,https://orielstat.sharepoint.com/sites/sopiiageneticstraining,FALSE,https://validanto365.sharepoint.com/sites/OSAM-sopiiageneticstraining,,,,,,
Spacelabs-MOCK-MDSAP-NOV2017-0095,https://orielstat.sharepoint.com/sites/spacelabs-mock-mdsap-nov2017-0095,FALSE,https://validanto365.sharepoint.com/sites/OSAM-spacelabs-mock-mdsap-nov2017-0095,,,,,,
SSWH-1114-BASE-MDR,https://orielstat.sharepoint.com/sites/sswh-1114-base-mdr,FALSE,https://validanto365.sharepoint.com/sites/OSAM-sswh-1114-base-mdr,,,,,,
SSWH-1373-DOC-REM,https://orielstat.sharepoint.com/sites/sswh-1373-doc-rem,FALSE,https://validanto365.sharepoint.com/sites/OSAM-sswh-1373-doc-rem,,,,,,
Stephanie and Heidi,https://orielstat.sharepoint.com/sites/StephanieandHeidi,FALSE,https://validanto365.sharepoint.com/sites/OSAM-StephanieandHeidi,,,,,,
STRY-0560-AUDIT-13485/QSR,https://orielstat.sharepoint.com/sites/stry-0560-audit-13485qsr,FALSE,https://validanto365.sharepoint.com/sites/OSAM-stry-0560-audit-13485qsr,,,,,,
SWAY-1454-AUDIT-13485/QSR,https://orielstat.sharepoint.com/sites/sway-1454-audit-13485qsr,FALSE,https://validanto365.sharepoint.com/sites/OSAM-sway-1454-audit-13485qsr,,,,,,
Sydney Neuroimaging Analysis Centre,https://orielstat.sharepoint.com/sites/sydneyneuroimaginganalysiscentre,FALSE,https://validanto365.sharepoint.com/sites/OSAM-sydneyneuroimaginganalysiscentre,,,,,,
SYNA-0583-AXSESS-MDR,https://orielstat.sharepoint.com/sites/syna-0583-axsess-mdr,FALSE,https://validanto365.sharepoint.com/sites/OSAM-syna-0583-axsess-mdr,,,,,,
SYNT-0790-510(K),https://orielstat.sharepoint.com/sites/synt-0790-510k,FALSE,https://validanto365.sharepoint.com/sites/OSAM-synt-0790-510k,,,,,,
SYNT-1147-QMS-13485-QSR,https://orielstat.sharepoint.com/sites/synt-1147-qms-13485-qsr,FALSE,https://validanto365.sharepoint.com/sites/OSAM-synt-1147-qms-13485-qsr,,,,,,
SYNT-1600-REGSTRAT-EU+US,https://orielstat.sharepoint.com/sites/synt-1600-regstrat-euus,FALSE,https://validanto365.sharepoint.com/sites/OSAM-synt-1600-regstrat-euus,,,,,,
Team JNJ,https://orielstat.sharepoint.com/sites/TeamJNJ,TRUE,https://validanto365.sharepoint.com/sites/OSAM-TeamJNJ,,,,,,
Tech Support,https://orielstat.sharepoint.com/sites/techsupport,FALSE,https://validanto365.sharepoint.com/sites/OSAM-techsupport,,,,,,
TECH-0845-QMS-13485-QSR,https://orielstat.sharepoint.com/sites/tech-0845-qms-13485-qsr,FALSE,https://validanto365.sharepoint.com/sites/OSAM-tech-0845-qms-13485-qsr,,,,,,
Technical Team,https://orielstat.sharepoint.com/sites/technicalteam,FALSE,https://validanto365.sharepoint.com/sites/OSAM-technicalteam,,,,,,
TempSite,https://orielstat.sharepoint.com/sites/OSAM-OSAM-TestSite,FALSE,https://validanto365.sharepoint.com/sites/OSAM-OSAM-OSAM-TestSite,,,,,,
TERU-1030-AXSESS-MDR,https://orielstat.sharepoint.com/sites/teru-1030-axsess-mdr,FALSE,https://validanto365.sharepoint.com/sites/OSAM-teru-1030-axsess-mdr,,,,,,
TERU-1095-AXSESS-MDR,https://orielstat.sharepoint.com/sites/teru-1095-axsess-mdr,FALSE,https://validanto365.sharepoint.com/sites/OSAM-teru-1095-axsess-mdr,,,,,,
Terumo-MOCK-MDSAP-ISO9-Jan2018-0076,https://orielstat.sharepoint.com/sites/terumo-mock-mdsap-iso9-jan2018-0076,FALSE,https://validanto365.sharepoint.com/sites/OSAM-terumo-mock-mdsap-iso9-jan2018-0076,,,,,,
Test Comms Team Comm Sharepoint Site,https://orielstat.sharepoint.com/sites/TestCommsTeamCommSharepointSite,FALSE,https://validanto365.sharepoint.com/sites/OSAM-TestCommsTeamCommSharepointSite,,,,,,
Test plan,https://orielstat.sharepoint.com/sites/Testplan,FALSE,https://validanto365.sharepoint.com/sites/OSAM-Testplan,,,,,,
TestPlan2,https://orielstat.sharepoint.com/sites/TestPlan2,FALSE,https://validanto365.sharepoint.com/sites/OSAM-TestPlan2,,,,,,
TESTSITE3,https://orielstat.sharepoint.com/sites/TESTSITE3,FALSE,https://validanto365.sharepoint.com/sites/OSAM-TESTSITE3,,,,,,
TESTSITE4,https://orielstat.sharepoint.com/sites/TESTSITE4,FALSE,https://validanto365.sharepoint.com/sites/OSAM-TESTSITE4,,,,,,
TESTSITE5,https://orielstat.sharepoint.com/sites/TESTSITE5,FALSE,https://validanto365.sharepoint.com/sites/OSAM-TESTSITE5,,,,,,
TESTSITE6,https://orielstat.sharepoint.com/sites/TESTSITE6,FALSE,https://validanto365.sharepoint.com/sites/OSAM-TESTSITE6,,,,,,
TESTSITE7,https://orielstat.sharepoint.com/sites/TESTSITE7,FALSE,https://validanto365.sharepoint.com/sites/OSAM-TESTSITE7,,,,,,
TESTSITE8,https://orielstat.sharepoint.com/sites/TESTSITE8,FALSE,https://validanto365.sharepoint.com/sites/OSAM-TESTSITE8,,,,,,
TEYE-1093-EUA,https://orielstat.sharepoint.com/sites/teye-1093-eua,FALSE,https://validanto365.sharepoint.com/sites/OSAM-teye-1093-eua,,,,,,
THEC-1576-BASELINE-QSR,https://orielstat.sharepoint.com/sites/thec-1576-baseline-qsr,FALSE,https://validanto365.sharepoint.com/sites/OSAM-thec-1576-baseline-qsr,,,,,,
THER-1297-CEMARK,https://orielstat.sharepoint.com/sites/ther-1297-cemark,FALSE,https://validanto365.sharepoint.com/sites/OSAM-ther-1297-cemark,,,,,,
TIDI-1371-AUDIT-13485/QSR,https://orielstat.sharepoint.com/sites/tidi-1371-audit-13485qsr,FALSE,https://validanto365.sharepoint.com/sites/OSAM-tidi-1371-audit-13485qsr,,,,,,
TISS-0479-AUDIT-MDSAP,https://orielstat.sharepoint.com/sites/tiss-0479-audit-mdsap,FALSE,https://validanto365.sharepoint.com/sites/OSAM-tiss-0479-audit-mdsap,,,,,,
TISS-0602-SUPPLIER-AUDIT-QSR-13485,https://orielstat.sharepoint.com/sites/tiss-0602-supplier-audit-qsr-13485,FALSE,https://validanto365.sharepoint.com/sites/OSAM-tiss-0602-supplier-audit-qsr-13485,,,,,,
TISS-0709-SUPPLIER-AUDIT-PHARMA,https://orielstat.sharepoint.com/sites/tiss-0709-supplier-audit-pharma,FALSE,https://validanto365.sharepoint.com/sites/OSAM-tiss-0709-supplier-audit-pharma,,,,,,
TORA-1273-INTERNAL-MDR,https://orielstat.sharepoint.com/sites/tora-1273-internal-mdr,FALSE,https://validanto365.sharepoint.com/sites/OSAM-tora-1273-internal-mdr,,,,,,
Training and Marketing Comms,https://orielstat.sharepoint.com/sites/TrainingandMarketingComms,FALSE,https://validanto365.sharepoint.com/sites/OSAM-TrainingandMarketingComms,,,,,,
Training Unit,https://orielstat.sharepoint.com/sites/trainingunit2,FALSE,https://validanto365.sharepoint.com/sites/OSAM-trainingunit2,,,,,,
Training Unit,https://orielstat.sharepoint.com/sites/trainingunit97,FALSE,https://validanto365.sharepoint.com/sites/OSAM-trainingunit97,,,,,,
Training Unit Tools,https://orielstat.sharepoint.com/sites/TrainingUnitTools,FALSE,https://validanto365.sharepoint.com/sites/OSAM-TrainingUnitTools,,,,,,
Transition/Remediation Services Alignment Team,https://orielstat.sharepoint.com/sites/TransitionRemediationServicesAlignmentTeam,TRUE,https://validanto365.sharepoint.com/sites/OSAM-TransitionRemediationServicesAlignmentTeam,,,,,,
TTT,https://orielstat.sharepoint.com/sites/TTT,FALSE,https://validanto365.sharepoint.com/sites/OSAM-TTT,,,,,,
TU Team,https://orielstat.sharepoint.com/sites/TUTeam,TRUE,https://validanto365.sharepoint.com/sites/OSAM-TUTeam,,,,,,
TURN-0624-BASE-MDR,https://orielstat.sharepoint.com/sites/turn-0624-base-mdr,FALSE,https://validanto365.sharepoint.com/sites/OSAM-turn-0624-base-mdr,,,,,,
TWIS-0783-BASE-IVDR,https://orielstat.sharepoint.com/sites/twis-0783-base-ivdr,FALSE,https://validanto365.sharepoint.com/sites/OSAM-twis-0783-base-ivdr,,,,,,
TWIS-1527-IVDR-CON,https://orielstat.sharepoint.com/sites/twis-1527-ivdr-con,FALSE,https://validanto365.sharepoint.com/sites/OSAM-twis-1527-ivdr-con,,,,,,
Ultralife-MOCK-ISO13485_9001-JAN2018-0087,https://orielstat.sharepoint.com/sites/ultralife-mock-iso13485_9001-jan2018-0087,FALSE,https://validanto365.sharepoint.com/sites/OSAM-ultralife-mock-iso13485_9001-jan2018-0087,,,,,,
UMG/-0415-RA/QACONSULT,https://orielstat.sharepoint.com/sites/umg-0415-raqaconsult,FALSE,https://validanto365.sharepoint.com/sites/OSAM-umg-0415-raqaconsult,,,,,,
UMG-0441-BASELINE-MDSAP,https://orielstat.sharepoint.com/sites/umg-0441-baseline-mdsap,FALSE,https://validanto365.sharepoint.com/sites/OSAM-umg-0441-baseline-mdsap,,,,,,
UNIV-1161-BASE-IVDR,https://orielstat.sharepoint.com/sites/univ-1161-base-ivdr,FALSE,https://validanto365.sharepoint.com/sites/OSAM-univ-1161-base-ivdr,,,,,,
UNIV-1377-CEMARK,https://orielstat.sharepoint.com/sites/univ-1377-cemark,FALSE,https://validanto365.sharepoint.com/sites/OSAM-univ-1377-cemark,,,,,,
URES-0659-PREAXX - MDR + MDSAP,https://orielstat.sharepoint.com/sites/ures-0659-preaxx-mdrmdsap,FALSE,https://validanto365.sharepoint.com/sites/OSAM-ures-0659-preaxx-mdrmdsap,,,,,,
URES-1004-QMS-13485,https://orielstat.sharepoint.com/sites/ures-1004-qms-13485,FALSE,https://validanto365.sharepoint.com/sites/OSAM-ures-1004-qms-13485,,,,,,
URES-1163-AXSESS-MDR,https://orielstat.sharepoint.com/sites/ures-1163-axsess-mdr,FALSE,https://validanto365.sharepoint.com/sites/OSAM-ures-1163-axsess-mdr,,,,,,
URES-1582-INT- HYB,https://orielstat.sharepoint.com/sites/ures-1582-int-hyb,FALSE,https://validanto365.sharepoint.com/sites/OSAM-ures-1582-int-hyb,,,,,,
URES-CON-AUDIT-MDSAP-APR2019-0346,https://orielstat.sharepoint.com/sites/ures-con-audit-mdsap-apr2019-0346,FALSE,https://validanto365.sharepoint.com/sites/OSAM-ures-con-audit-mdsap-apr2019-0346,,,,,,
URES-CON-AUDIT-MDSAP-MARCH2019-0346,https://orielstat.sharepoint.com/sites/ures-con-audit-mdsap-march2019-0346,FALSE,https://validanto365.sharepoint.com/sites/OSAM-ures-con-audit-mdsap-march2019-0346,,,,,,
UTAK-0968-BASE-IVDR,https://orielstat.sharepoint.com/sites/utak-0968-base-ivdr,FALSE,https://validanto365.sharepoint.com/sites/OSAM-utak-0968-base-ivdr,,,,,,
Validant-OSAM Info Sharing,https://orielstat.sharepoint.com/sites/Validant-OSAMInfoSharing,TRUE,https://validanto365.sharepoint.com/sites/OSAM-Validant-OSAMInfoSharing,,,,,,
VAPO-0628-INTERNAL-MDR,https://orielstat.sharepoint.com/sites/vapo-0628-internal-mdr,FALSE,https://validanto365.sharepoint.com/sites/OSAM-vapo-0628-internal-mdr,,,,,,
VAPO-1225-INTERNAL-MDR,https://orielstat.sharepoint.com/sites/vapo-1225-internal-mdr,FALSE,https://validanto365.sharepoint.com/sites/OSAM-vapo-1225-internal-mdr,,,,,,
VAPO-1500-AUDIT-MDSAP,https://orielstat.sharepoint.com/sites/vapo-1500-audit-mdsap,FALSE,https://validanto365.sharepoint.com/sites/OSAM-vapo-1500-audit-mdsap,,,,,,
VAPO-CON-BASE-MDR-APR2019-0324,https://orielstat.sharepoint.com/sites/vapo-con-base-mdr-apr2019-0324,FALSE,https://validanto365.sharepoint.com/sites/OSAM-vapo-con-base-mdr-apr2019-0324,,,,,,
VEEP TEAM,https://orielstat.sharepoint.com/sites/VEEPTEAM,TRUE,https://validanto365.sharepoint.com/sites/OSAM-VEEPTEAM,,,,,,
VENU-1376-EU-MDR-TRANSITION,https://orielstat.sharepoint.com/sites/venu-1376-eu-mdr-transition,FALSE,https://validanto365.sharepoint.com/sites/OSAM-venu-1376-eu-mdr-transition,,,,,,
VICT-1151-AUDIT-ISO9001,https://orielstat.sharepoint.com/sites/vict-1151-audit-iso9001,FALSE,https://validanto365.sharepoint.com/sites/OSAM-vict-1151-audit-iso9001,,,,,,
VILT Class Files,https://orielstat.sharepoint.com/sites/viltclassfiles,FALSE,https://validanto365.sharepoint.com/sites/OSAM-viltclassfiles,,,,,,
VILT Conversion Team,https://orielstat.sharepoint.com/sites/VILTConversionTeam,TRUE,https://validanto365.sharepoint.com/sites/OSAM-VILTConversionTeam,,,,,,
WRIG-1230-INTERNAL-MDR,https://orielstat.sharepoint.com/sites/wrig-1230-internal-mdr,FALSE,https://validanto365.sharepoint.com/sites/OSAM-wrig-1230-internal-mdr,,,,,,
WRME-1490-BASE-MDR,https://orielstat.sharepoint.com/sites/wrme-1490-base-mdr,FALSE,https://validanto365.sharepoint.com/sites/OSAM-wrme-1490-base-mdr,,,,,,
XENO-0646-BASE-MDR,https://orielstat.sharepoint.com/sites/xeno-0646-base-mdr,FALSE,https://validanto365.sharepoint.com/sites/OSAM-xeno-0646-base-mdr,,,,,,
ZAP Surgical EU MDR Internal Audit,https://orielstat.sharepoint.com/sites/ZAPSurgicalEUMDRInternalAudit,TRUE,https://validanto365.sharepoint.com/sites/OSAM-ZAPSurgicalEUMDRInternalAudit,,,,,,
ZAPS-0811-AUDIT-13485/QSR,https://orielstat.sharepoint.com/sites/zaps-0811-audit-13485qsr,FALSE,https://validanto365.sharepoint.com/sites/OSAM-zaps-0811-audit-13485qsr,,,,,,
ZAPS-1587-INT- HYB,https://orielstat.sharepoint.com/sites/zaps-1587-int-hyb,FALSE,https://validanto365.sharepoint.com/sites/OSAM-zaps-1587-int-hyb,,,,,,
